39916000000,icub,0.10688344989196868,0.2696789393939394,0.8493342296607131
39938000000,cam,-0.07322635750672948,0.2898247094845636,0.7882607131009997
40017000000,icub,0.10688344989196868,0.2696789393939394,0.8493342296607131
40038000000,cam,-0.07993878254697731,0.28536010505642045,0.7890209933792175
40117000000,icub,0.09342805094172313,0.26174735294117646,0.8488716831324964
40138000000,cam,-0.07993878254697731,0.28536010505642045,0.7890209933792175
40217000000,icub,0.09342805094172313,0.26174735294117646,0.8488716831324964
40238000000,cam,-0.08619190187136352,0.2794707121283605,0.7898066178973494
40317000000,icub,0.09324578455324689,0.26174735294117646,0.8509276926575162
40338000000,cam,-0.09727974806291939,0.26757876912172207,0.7911522342370358
40417000000,icub,0.06893196001094487,0.2452616666666667,0.8460818943904693
40438000000,cam,-0.10308512215792902,0.2611648475917971,0.791897593629095
40517000000,icub,0.06893196001094487,0.2452616666666667,0.8460818943904693
40538000000,cam,-0.10652486363863727,0.25332422829501433,0.7926918508328855
40617000000,icub,0.04522051998629856,0.14577447368421056,0.8638212297885871
40638000000,cam,-0.10652486363863727,0.25332422829501433,0.7926918508328855
40717000000,icub,0.05541591087219333,0.13268716216216217,0.8703057312382968
40738000000,cam,-0.12015136277333724,0.21176377909951455,0.7977226160912617
40817000000,icub,0.04522051998629856,0.1291955263157895,0.8638212297885871
40838000000,cam,-0.1263916095381675,0.18224466365789102,0.8007922671290248
40917000000,icub,0.05524842283953951,0.09674121621621623,0.8721950372883149
40938000000,cam,-0.1263916095381675,0.18224466365789102,0.8007922671290248
41017000000,icub,0.044894359080604296,0.0941955263157895,0.8675004047280962
41038000000,cam,-0.12957360343875857,0.16624993066909616,0.8026074389339045
41117000000,icub,0.04505743953345143,0.0941955263157895,0.8656608172583417
41138000000,cam,-0.1342462719564822,0.13037610916134038,0.8045817560384978
41217000000,icub,0.04505743953345143,0.08314289473684212,0.8656608172583417
41238000000,cam,-0.1364013456253485,0.11072009760352444,0.8058815064345272
41319000000,icub,0.044894359080604296,0.07761657894736844,0.8675004047280962
41338000000,cam,-0.13859344939434262,0.09150565748102832,0.8073605511875674
41419000000,icub,0.044894359080604296,0.07577447368421056,0.8675004047280962
41438000000,cam,-0.14174498398660557,0.050327978876890826,0.8087235205985932
41519000000,icub,0.044894359080604296,0.06287973684210528,0.8675004047280962
41538000000,cam,-0.14373860713254857,0.008026013596233676,0.8089969437511729
41619000000,icub,0.10725902911670754,-0.33698772727272736,0.8450976039727935
41638000000,cam,-0.14373860713254857,0.008026013596233676,0.8089969437511729
41719000000,icub,0.10725902911670754,-0.33698772727272736,0.8450976039727935
41738000000,cam,-0.08596689027466367,-0.2856927065840193,0.7834283481105966
41819000000,icub,0.10725902911670754,-0.33698772727272736,0.8450976039727935
41838000000,cam,-0.07883750684799183,-0.2901690923688774,0.7827967328697939
41919000000,icub,0.10801018756618519,-0.33698772727272736,0.8366243525969544
41938000000,cam,-0.07177743160787316,-0.29346379414759943,0.7827967328697939
42019000000,icub,0.10819797717855462,-0.33698772727272736,0.8345060397529946
42038000000,cam,-0.07177743160787316,-0.29346379414759943,0.7827967328697939
42121000000,icub,0.10819797717855462,-0.33698772727272736,0.8345060397529946
42138000000,cam,-0.056158051544209366,-0.29864804817025153,0.7815829195459247
42221000000,icub,0.10857355640329341,-0.33698772727272736,0.8302694140650752
42238000000,cam,-0.04815384409263373,-0.30090280137884784,0.781336352807208
42321000000,icub,0.10876134601566284,-0.33698772727272736,0.8281511012211153
42338000000,cam,-0.040158141766015044,-0.3022428564494817,0.781157178040693
42421000000,icub,0.10876134601566284,-0.33698772727272736,0.8281511012211153
42438000000,cam,-0.03217624877802426,-0.3032083005286812,0.781224354132148
42521000000,icub,0.1091369252404017,-0.33698772727272736,0.8239144755331959
42538000000,cam,-0.03217624877802426,-0.3032083005286812,0.781224354132148
42621000000,icub,0.17746383815128164,-0.17588327586206898,0.7671361259732625
42638000000,cam,-0.01526129183780451,-0.3031127348093173,0.780978126481859
42721000000,icub,0.19610194155697702,-0.16216499999999998,0.7672587260490693
42738000000,cam,0.09721111658574022,-0.14545484690124405,0.8023647026697915
42821000000,icub,0.17746383815128164,-0.15657293103448275,0.7671361259732625
42838000000,cam,0.09873907694626245,-0.1267433139285765,0.8030205966612143
42921000000,icub,0.17746383815128164,-0.15657293103448275,0.7671361259732625
42938000000,cam,0.09873907694626245,-0.1267433139285765,0.8030205966612143
43023000000,icub,0.17746383815128164,-0.15657293103448275,0.7671361259732625
43038000000,cam,0.10292018577938149,-0.0879059469127423,0.8055130135988333
43123000000,icub,0.19610194155697702,-0.122165,0.7672587260490693
43138000000,cam,0.10452300306040097,-0.06717603676967765,0.8066693177122221
43223000000,icub,0.19610194155697702,-0.122165,0.7672587260490693
43238000000,cam,0.10556729160884133,-0.046352534936295854,0.807236986309636
43323000000,icub,0.1776775297791503,-0.11795224137931035,0.7647256320473773
43338000000,cam,0.10556729160884133,-0.046352534936295854,0.807236986309636
43423000000,icub,0.1776775297791503,-0.10588327586206896,0.7647256320473773
43438000000,cam,0.10759111726194147,-0.0036430400878761223,0.8078553787353634
43523000000,icub,0.1776775297791503,-0.10105568965517242,0.7647256320473773
43538000000,cam,0.10807354308744388,0.017728918304232365,0.80783061574614
43623000000,icub,0.12640857829601554,0.24966875000000002,0.7908439120979385
43638000000,cam,0.10807354308744388,0.017728918304232365,0.80783061574614
43723000000,icub,0.12602126222050364,0.25404375,0.7952129323386055
43738000000,cam,0.04989047318768244,0.28870269081592537,0.786495238003586
43823000000,icub,0.12602126222050364,0.25404375,0.7952129323386055
43838000000,cam,0.04989047318768244,0.28870269081592537,0.786495238003586
43923000000,icub,0.12602126222050364,0.25404375,0.7952129323386055
43938000000,cam,0.042765988575179874,0.2927461869870048,0.7859245777740471
44023000000,icub,0.11157819020120407,0.2505880303030303,0.7963764085617188
44038000000,cam,0.03521230270047678,0.29611419653488197,0.7860842374156686
44123000000,icub,0.11157819020120407,0.2505880303030303,0.7963764085617188
44138000000,cam,0.027638700568133483,0.29930114204978736,0.7857650153771587
44223000000,icub,0.12563394614499168,0.26060625,0.7995819525792724
44238000000,cam,0.019605804299985433,0.3016459288082097,0.7857194439683701
44323000000,icub,0.12563394614499168,0.26060625,0.7995819525792724
44341000000,cam,0.019605804299985433,0.3016459288082097,0.7857194439683701
44425000000,icub,0.11120261097646522,0.25483045454545455,0.8006130342496384
44442000000,cam,0.00401355233287959,0.3043217033577525,0.7853096577732139
44525000000,icub,0.11120261097646522,0.25483045454545455,0.8006130342496384
44542000000,cam,-0.004487295035084481,0.30537223580864387,0.7855827773007525
44625000000,icub,0.04522051998629856,0.14024815789473688,0.8638212297885871
44642000000,cam,-0.012986527065381706,0.3053014453734281,0.7854006659619275
44725000000,icub,0.05541591087219333,0.12701148648648652,0.8703057312382968
44742000000,cam,-0.12478186987799748,0.19210156846342966,0.7997330813184558
44825000000,icub,0.04505743953345143,0.12366921052631581,0.8656608172583417
44842000000,cam,-0.1274429125977946,0.17658913976216156,0.8013476100111665
44925000000,icub,0.04505743953345143,0.12366921052631581,0.8656608172583417
44944000000,cam,-0.13056642688272369,0.16049292768393947,0.8027774854580825
45025000000,icub,0.04505743953345143,0.09972184210526318,0.8656608172583417
45044000000,cam,-0.13056642688272369,0.16049292768393947,0.8027774854580825
45125000000,icub,0.05524842283953951,0.09295743243243246,0.8721950372883149
45144000000,cam,-0.1352919959098857,0.12367479411440356,0.8050469808484347
45225000000,icub,0.044894359080604296,0.07577447368421056,0.8675004047280962
45244000000,cam,-0.13747953011239933,0.1045038403499896,0.8065214271036436
45327000000,icub,0.044894359080604296,0.07024815789473687,0.8675004047280962
45344000000,cam,-0.13913854265915096,0.08426016457718218,0.8077068349483697
45427000000,icub,0.044894359080604296,0.06840605263157898,0.8675004047280962
45444000000,cam,-0.1407249168020386,0.06343558425791378,0.8084503744917622
45527000000,icub,0.044894359080604296,0.053669210526315805,0.8675004047280962
45544000000,cam,-0.14327420561640802,0.021649243293481012,0.8091213187144339
45627000000,icub,0.10632008105486046,-0.33698772727272736,0.8556891681925924
45644000000,cam,-0.14383591610627278,0.0002433771846129827,0.809544623069297
45727000000,icub,0.10632008105486046,-0.33698772727272736,0.8556891681925924
45744000000,cam,-0.08362368756683948,-0.28714725392669666,0.7835412975133129
45827000000,icub,0.10725902911670754,-0.33698772727272736,0.8450976039727935
45844000000,cam,-0.06891572476363274,-0.294714686446525,0.782369005814363
45927000000,icub,0.10725902911670754,-0.33698772727272736,0.8450976039727935
45944000000,cam,-0.06891572476363274,-0.294714686446525,0.782369005814363
46027000000,icub,0.10744681872907696,-0.33698772727272736,0.8429792911288337
46044000000,cam,-0.061373214164517555,-0.2974602142456502,0.7821666428315027
46127000000,icub,0.10763460834144634,-0.33698772727272736,0.8408609782848739
46144000000,cam,-0.05334758534746233,-0.29963952122473336,0.7817175089197456
46227000000,icub,0.10763460834144634,-0.33698772727272736,0.8408609782848739
46244000000,cam,-0.04534548581073464,-0.3014417528247282,0.7815156509227704
46327000000,icub,0.10838576679092404,-0.33698772727272736,0.832387726909035
46344000000,cam,-0.028884025247449,-0.30316485036143626,0.7811124036057815
46428000000,icub,0.10838576679092404,-0.33698772727272736,0.832387726909035
46444000000,cam,-0.028884025247449,-0.30316485036143626,0.7811124036057815
46528000000,icub,0.10857355640329341,-0.33698772727272736,0.8302694140650752
46544000000,cam,-0.020901620233604635,-0.30366061755113255,0.7811795681456903
46628000000,icub,0.17746383815128164,-0.16864189655172415,0.7671361259732625
46644000000,cam,-0.011976303151381294,-0.30316485036143626,0.7811124036057815
46728000000,icub,0.17746383815128164,-0.16864189655172415,0.7671361259732625
46744000000,cam,0.09559628937260364,-0.15724024423251937,0.8009611622896098
46828000000,icub,0.19588061808525592,-0.15466499999999997,0.7697553090437362
46844000000,cam,0.09769650816725417,-0.13918737089507568,0.8023889663861032
46928000000,icub,0.19588061808525592,-0.15466499999999997,0.7697553090437362
46945000000,cam,0.09769650816725417,-0.13918737089507568,0.8023889663861032
47028000000,icub,0.19588061808525592,-0.15466499999999997,0.7697553090437362
47046000000,cam,0.09980757548146922,-0.12059075100545555,0.8038488298644222
47128000000,icub,0.21589112457760584,-0.12150462962962963,0.7699794566434793
47147000000,cam,0.10345813194057121,-0.0806828054712183,0.8059306770319942
47228000000,icub,0.19610194155697702,-0.11466499999999998,0.7672587260490693
47247000000,cam,0.10456455845570867,-0.059924468534942085,0.8069900266604787
47329000000,icub,0.19610194155697702,-0.11466499999999998,0.7672587260490693
47347000000,cam,0.10602670016059457,-0.039062468480219055,0.8070394004576223
47429000000,icub,0.19610194155697702,-0.09466499999999999,0.7672587260490693
47447000000,cam,0.10602670016059457,-0.039062468480219055,0.8070394004576223
47529000000,icub,0.19610194155697702,-0.09466499999999999,0.7672587260490693
47547000000,cam,0.10850274203971158,0.025001750402886557,0.807409993029139
47629000000,icub,0.12640857829601554,0.24529375000000003,0.7908439120979385
47647000000,cam,0.10850274203971158,0.025001750402886557,0.807409993029139
47729000000,icub,0.12640857829601554,0.24529375000000003,0.7908439120979385
47747000000,cam,0.06701017911738977,0.2753810541113933,0.7876173474027527
47829000000,icub,0.12640857829601554,0.24529375000000003,0.7908439120979385
47847000000,cam,0.054171721340239065,0.28599830174824903,0.7868611135774861
47929000000,icub,0.1258276041827477,0.25623125,0.797397442458939
47947000000,cam,0.0479919198505692,0.29007923968792315,0.7863810065120824
48029000000,icub,0.11139040058883465,0.2527092424242424,0.7984947214056786
48047000000,cam,0.0479919198505692,0.29007923968792315,0.7863810065120824
48132000000,icub,0.11139040058883465,0.2527092424242424,0.7984947214056786
48147000000,cam,0.03236795856539495,0.2974544513418412,0.7858789785991792
48232000000,icub,0.11139040058883465,0.2527092424242424,0.7984947214056786
48247000000,cam,0.024802523512029766,0.3002286417503794,0.7857194439683701
48332000000,icub,0.11101482136409585,0.25695166666666663,0.8027313470935981
48347000000,cam,0.017236163806807397,0.3019870343685844,0.7853779109484951
48432000000,icub,0.11101482136409585,0.25695166666666663,0.8027313470935981
48447000000,cam,0.00873740361496319,0.3034476660872351,0.785491705798325
48532000000,icub,0.11101482136409585,0.25695166666666663,0.8027313470935981
48547000000,cam,0.00873740361496319,0.3034476660872351,0.785491705798325
48632000000,icub,0.044894359080604296,0.09972184210526318,0.8675004047280962
48647000000,cam,-0.007322225161960321,0.3058800511206005,0.7856738804875717
48732000000,icub,0.04505743953345143,0.09972184210526318,0.8656608172583417
48747000000,cam,-0.13160751110411126,0.15382382490517227,0.8032395856924786
48832000000,icub,0.044894359080604296,0.07577447368421056,0.8675004047280962
48847000000,cam,-0.13377877342779404,0.1357140902224095,0.8046796310776091
48932000000,icub,0.044894359080604296,0.06656394736842107,0.8675004047280962
48947000000,cam,-0.1380741934617979,0.09730712052404385,0.8071628746096672
49032000000,icub,0.044894359080604296,0.06287973684210528,0.8675004047280962
49047000000,cam,-0.1380741934617979,0.09730712052404385,0.8071628746096672
49132000000,icub,0.05508093480688575,0.041876351351351364,0.8740843433383332
49147000000,cam,-0.1396669965830267,0.0774848207130183,0.8079544534694536
49232000000,icub,0.05508093480688575,0.041876351351351364,0.8740843433383332
49247000000,cam,-0.14123703092349418,0.05664066816725326,0.8085993289609196
49332000000,icub,0.044894359080604296,0.027879736842105277,0.8675004047280962
49347000000,cam,-0.14235812552678173,0.03528534735279205,0.8094449622757308
49432000000,icub,0.044894359080604296,0.022353421052631595,0.8675004047280962
49447000000,cam,-0.14235812552678173,0.03528534735279205,0.8094449622757308
49532000000,icub,0.044894359080604296,0.020511315789473697,0.8675004047280962
49550000000,cam,-0.14333151441927255,0.013870791717994118,0.8094449622757308
49632000000,icub,0.09324578455324689,-0.3250173529411765,0.8509276926575162
49650000000,cam,-0.14466699222911208,-0.02844712284169095,0.8087483657936222
49732000000,icub,0.10688344989196868,-0.33698772727272736,0.8493342296607131
49750000000,cam,-0.10081683184808281,-0.27459010641527004,0.7853551579127563
49832000000,icub,0.10707123950433811,-0.33698772727272736,0.8472159168167533
49850000000,cam,-0.08792463394433957,-0.28451751520326507,0.7840841354959932
49932000000,icub,0.10725902911670754,-0.33698772727272736,0.8450976039727935
49950000000,cam,-0.08076437222490912,-0.2884441865175326,0.7832251622180104
50032000000,icub,0.10725902911670754,-0.33698772727272736,0.8450976039727935
50050000000,cam,-0.08076437222490912,-0.2884441865175326,0.7832251622180104
50132000000,icub,0.10725902911670754,-0.33698772727272736,0.8450976039727935
50150000000,cam,-0.07318734021199276,-0.29251403177976526,0.7827742034276206
50232000000,icub,0.10744681872907696,-0.33698772727272736,0.8429792911288337
50250000000,cam,-0.06559265702558408,-0.29598980356706217,0.7820093579158831
50332000000,icub,0.10744681872907696,-0.33698772727272736,0.8429792911288337
50350000000,cam,-0.05049991604461704,-0.30041577963286137,0.781291547557132
50432000000,icub,0.10744681872907696,-0.33698772727272736,0.8429792911288337
50450000000,cam,-0.04250657110905687,-0.30177317058087333,0.781157178040693
50532000000,icub,0.10838576679092404,-0.33698772727272736,0.832387726909035
50550000000,cam,-0.026063084049395648,-0.30359970879160875,0.7810228778285698
50632000000,icub,0.17725014652341298,-0.2145039655172414,0.7695466198991479
50650000000,cam,-0.026063084049395648,-0.30359970879160875,0.7810228778285698
50732000000,icub,0.17746383815128164,-0.20002120689655176,0.7671361259732625
50750000000,cam,0.0853291193014372,-0.21296427254224246,0.7950418259008034
50834000000,icub,0.17746383815128164,-0.19760741379310345,0.7671361259732625
50851000000,cam,0.09045386502160535,-0.18402682883705915,0.7980805157979445
50934000000,icub,0.17746383815128164,-0.19760741379310345,0.7671361259732625
50951000000,cam,0.09355721657165429,-0.1681143814488081,0.7999974837089359
51034000000,icub,0.17746383815128164,-0.17588327586206898,0.7671361259732625
51051000000,cam,0.09823541976358949,-0.1325092025803701,0.8028503956335616
51134000000,icub,0.17746383815128164,-0.16622810344827588,0.7671361259732625
51151000000,cam,0.10242024954932032,-0.09370363256639944,0.8053902949379347
51234000000,icub,0.21589112457760584,-0.13446759259259258,0.7699794566434793
51251000000,cam,0.10242024954932032,-0.09370363256639944,0.8053902949379347
51334000000,icub,0.19610194155697702,-0.12716499999999997,0.7672587260490693
51351000000,cam,0.1040061937035633,-0.07345892002839086,0.8064228785418018
51434000000,icub,0.19610194155697702,-0.11466499999999998,0.7672587260490693
51451000000,cam,0.10658697157095018,-0.03132054517688513,0.8076078512672447
51534000000,icub,0.17746383815128164,-0.10588327586206896,0.7671361259732625
51551000000,cam,0.10658697157095018,-0.03132054517688513,0.8076078512672447
51634000000,icub,0.14219576562275033,0.2396579032258065,0.7849544803784303
51651000000,cam,0.10807023053918828,0.011414159180543481,0.8078058550339383
51734000000,icub,0.14199586055151836,0.24191596774193552,0.7872094585671616
51751000000,cam,0.06465928659565885,0.2778217698780507,0.7878239716940261
51834000000,icub,0.14199586055151836,0.24191596774193552,0.7872094585671616
51851000000,cam,0.05844846108816731,0.2827769676127932,0.7871129494340148
51934000000,icub,0.12640857829601554,0.24748125,0.7908439120979385
51951000000,cam,0.04469641539128804,0.29159090040983154,0.7866323815260333
52034000000,icub,0.12640857829601554,0.24748125,0.7908439120979385
52051000000,cam,0.029997503082869702,0.29832162514696403,0.7856738804875717
52134000000,icub,0.12563394614499168,0.25841875000000003,0.7995819525792724
52151000000,cam,0.021959672937477484,0.30058778117643914,0.78542342295334
52234000000,icub,0.12563394614499168,0.25841875000000003,0.7995819525792724
52251000000,cam,0.021959672937477484,0.30058778117643914,0.78542342295334
52334000000,icub,0.12563394614499168,0.25841875000000003,0.7995819525792724
52351000000,cam,0.013933424192902027,0.3029929362625983,0.7855372375901376
52434000000,icub,0.12524663006947978,0.26279375,0.8039509728199395
52452000000,cam,-0.0021254375887477667,0.30488221411926303,0.7855372375901376
52534000000,icub,0.11120261097646522,0.25483045454545455,0.8006130342496384
52552000000,cam,-0.0021254375887477667,0.30488221411926303,0.7855372375901376
52634000000,icub,0.05524842283953951,0.09484932432432434,0.8721950372883149
52652000000,cam,-0.01062687994055232,0.305817989400339,0.7855144707045245
52734000000,icub,0.044894359080604296,0.0941955263157895,0.8675004047280962
52752000000,cam,-0.12950309145053057,0.16519481870319078,0.8021706721482024
52834000000,icub,0.04505743953345143,0.0941955263157895,0.8656608172583417
52852000000,cam,-0.12950309145053057,0.16519481870319078,0.8021706721482024
52934000000,icub,0.044894359080604296,0.08130078947368423,0.8675004047280962
52952000000,cam,-0.1342421902200013,0.12940463381567693,0.8045572928585702
53034000000,icub,0.044894359080604296,0.07577447368421056,0.8675004047280962
53052000000,cam,-0.13691095820748495,0.11025572740602771,0.806029045234122
53134000000,icub,0.044894359080604296,0.06287973684210528,0.8675004047280962
53152000000,cam,-0.1385849636481602,0.09052923194529554,0.8073111184276136
53234000000,icub,0.044894359080604296,0.05735342105263159,0.8675004047280962
53252000000,cam,-0.1385849636481602,0.09052923194529554,0.8073111184276136
53334000000,icub,0.044894359080604296,0.0555113157894737,0.8675004047280962
53352000000,cam,-0.1417275695281595,0.04886319292480286,0.8086241627112967
53434000000,icub,0.044731278627757165,0.027879736842105277,0.8693399921978507
53452000000,cam,-0.14278770576711633,0.027973741334273213,0.8091213187144339
53534000000,icub,0.05508093480688575,0.017281756756756767,0.8740843433383332
53552000000,cam,-0.1438226350626065,0.006570577236362735,0.809469874023441
53634000000,icub,0.09397485010715168,-0.3250173529411765,0.842703654557437
53652000000,cam,-0.1438226350626065,0.006570577236362735,0.809469874023441
53734000000,icub,0.10707123950433811,-0.33698772727272736,0.8472159168167533
53752000000,cam,-0.09221559010253029,-0.28183537128522684,0.7844920052007425
53834000000,icub,0.10725902911670754,-0.33698772727272736,0.8450976039727935
53852000000,cam,-0.09221559010253029,-0.28183537128522684,0.7844920052007425
53934000000,icub,0.10744681872907696,-0.33698772727272736,0.8429792911288337
53952000000,cam,-0.07884204543392276,-0.29018579707470676,0.7828417975906435
54034000000,icub,0.10744681872907696,-0.33698772727272736,0.8429792911288337
54052000000,cam,-0.07125345871434481,-0.2937147522581408,0.7822115988129652
54134000000,icub,0.10744681872907696,-0.33698772727272736,0.8429792911288337
54152000000,cam,-0.07125345871434481,-0.2937147522581408,0.7822115988129652
54234000000,icub,0.10819797717855462,-0.33698772727272736,0.8345060397529946
54252000000,cam,-0.05568970760450803,-0.2991265729136655,0.7816053462806835
54334000000,icub,0.10819797717855462,-0.33698772727272736,0.8345060397529946
54352000000,cam,-0.047704573590893376,-0.30103230921149954,0.7816726380699586
54434000000,icub,0.10819797717855462,-0.33698772727272736,0.8345060397529946
54452000000,cam,-0.03123321508425318,-0.3031735389005327,0.7811347898608153
54534000000,icub,0.10876134601566284,-0.33698772727272736,0.8281511012211153
54552000000,cam,-0.02325011688906583,-0.30366061755113255,0.7811795681456903
54634000000,icub,0.17746383815128164,-0.19277982758620693,0.7671361259732625
54652000000,cam,-0.02325011688906583,-0.30366061755113255,0.7811795681456903
54734000000,icub,0.17746383815128164,-0.17588327586206898,0.7671361259732625
54752000000,cam,0.09196225530247344,-0.17840197308025527,0.7986780872878404
54834000000,icub,0.17746383815128164,-0.17588327586206898,0.7671361259732625
54852000000,cam,0.09454482673895284,-0.16190500863947901,0.8002140081051532
54934000000,icub,0.1602748435462389,-0.167687,0.7646915551074871
54952000000,cam,0.09454482673895284,-0.16190500863947901,0.8002140081051532
55034000000,icub,0.17746383815128164,-0.15657293103448275,0.7671361259732625
55052000000,cam,0.09669944286684025,-0.14444629994323518,0.8021221865080875
55134000000,icub,0.17746383815128164,-0.15657293103448275,0.7671361259732625
55152000000,cam,0.09974099875835808,-0.1258233906854832,0.8033126218590586
55234000000,icub,0.17746383815128164,-0.15657293103448275,0.7671361259732625
55252000000,cam,0.10082320783246786,-0.10662598238397679,0.8042394744409321
55334000000,icub,0.19588061808525592,-0.14216499999999999,0.7697553090437362
55352000000,cam,0.10449107106348668,-0.06618575962954028,0.8064228785418018
55434000000,icub,0.17746383815128164,-0.13726258620689658,0.7671361259732625
55452000000,cam,0.10553822350088854,-0.04536930527509462,0.8070147124262775
55534000000,icub,0.1776775297791503,-0.13726258620689658,0.7647256320473773
55552000000,cam,0.10553822350088854,-0.04536930527509462,0.8070147124262775
55634000000,icub,0.12640857829601554,0.24966875000000002,0.7908439120979385
55652000000,cam,0.1075812242807002,-0.0021856230666507945,0.8077810965984094
55734000000,icub,0.12640857829601554,0.24966875000000002,0.7908439120979385
55752000000,cam,0.0631995238801303,0.28001886423293687,0.7873421010733959
55834000000,icub,0.12640857829601554,0.24966875000000002,0.7908439120979385
55854000000,cam,0.05605766261360614,0.2845458570640008,0.7867695968158858
55934000000,icub,0.12602126222050364,0.25404375,0.7952129323386055
55954000000,cam,0.04231062517599776,0.2928651653243644,0.7862439944008393
56034000000,icub,0.1117659798135735,0.2463456060606061,0.794258095717759
56054000000,cam,0.04231062517599776,0.2928651653243644,0.7862439944008393
56134000000,icub,0.1117659798135735,0.2463456060606061,0.794258095717759
56154000000,cam,0.03472856845102956,0.2964922000411027,0.7858333873603535
56234000000,icub,0.1117659798135735,0.2463456060606061,0.794258095717759
56254000000,cam,0.027166244148165385,0.29930114204978736,0.7857650153771587
56334000000,icub,0.11157819020120407,0.2505880303030303,0.7963764085617188
56354000000,cam,0.027166244148165385,0.29930114204978736,0.7857650153771587
56434000000,icub,0.11157819020120407,0.2505880303030303,0.7963764085617188
56454000000,cam,0.011569144638304584,0.3033949155147223,0.7853551579127563
56534000000,icub,0.11157819020120407,0.2505880303030303,0.7963764085617188
56554000000,cam,-0.0049602170451989265,0.3054076494972482,0.7856738804875717
56635000000,icub,0.04505743953345143,0.12182710526315793,0.8656608172583417
56655000000,cam,-0.013459544382755338,0.30484687365152874,0.7854461819230194
56735000000,icub,0.04505743953345143,0.12182710526315793,0.8656608172583417
56756000000,cam,-0.12746982889806868,0.17614450836387185,0.801516856872018
56835000000,icub,0.04505743953345143,0.0978797368421053,0.8656608172583417
56856000000,cam,-0.1306297088090771,0.15912195583212901,0.8031665694433442
56935000000,icub,0.05524842283953951,0.09106554054054057,0.8721950372883149
56956000000,cam,-0.13532495577295095,0.12273658779407177,0.8052431065546999
57035000000,icub,0.044894359080604296,0.08682710526315791,0.8675004047280962
57056000000,cam,-0.13532495577295095,0.12273658779407177,0.8052431065546999
57135000000,icub,0.05524842283953951,0.07403851351351354,0.8721950372883149
57156000000,cam,-0.13745433456007333,0.10303014495243591,0.8063736178057648
57235000000,icub,0.044894359080604296,0.06840605263157898,0.8675004047280962
57256000000,cam,-0.14072923716175417,0.06246530906834338,0.8084751945201506
57335000000,icub,0.044894359080604296,0.06656394736842107,0.8675004047280962
57356000000,cam,-0.14224872529427404,0.041580396624480105,0.8088229151200279
57435000000,icub,0.044731278627757165,0.038932368421052646,0.8693399921978507
57456000000,cam,-0.1432918317720528,0.02067878726761373,0.8092208599977919
57535000000,icub,0.044731278627757165,0.029721842105263175,0.8693399921978507
57556000000,cam,-0.14417185841119012,-0.022124180633083138,0.8086986776931978
57635000000,icub,0.10632008105486046,-0.33698772727272736,0.8556891681925924
57656000000,cam,-0.14417185841119012,-0.022124180633083138,0.8086986776931978
57735000000,icub,0.10707123950433811,-0.33698772727272736,0.8472159168167533
57756000000,cam,-0.09650824631331541,-0.27867051074822863,0.7848778005026661
57835000000,icub,0.10725902911670754,-0.33698772727272736,0.8450976039727935
57856000000,cam,-0.08311662380230941,-0.28749404437002773,0.7832025957651577
57935000000,icub,0.10725902911670754,-0.33698772727272736,0.8450976039727935
57956000000,cam,-0.07602441819353253,-0.2916230778383493,0.7829094092673762
58035000000,icub,0.10744681872907696,-0.33698772727272736,0.8429792911288337
58056000000,cam,-0.06844137492533776,-0.29469774151700423,0.7823240226890813
58135000000,icub,0.10744681872907696,-0.33698772727272736,0.8429792911288337
58156000000,cam,-0.052871492711670215,-0.300075094190235,0.7816277749460905
58235000000,icub,0.10744681872907696,-0.33698772727272736,0.8429792911288337
58256000000,cam,-0.052871492711670215,-0.300075094190235,0.7816277749460905
58335000000,icub,0.10819797717855462,-0.33698772727272736,0.8345060397529946
58356000000,cam,-0.044865288886307524,-0.30137259497975155,0.781336352807208
58435000000,icub,0.10838576679092404,-0.33698772727272736,0.832387726909035
58456000000,cam,-0.02841599505080597,-0.3036519140553067,0.781157178040693
58536000000,icub,0.10857355640329341,-0.33698772727272736,0.8302694140650752
58556000000,cam,-0.020431335284463795,-0.3036519140553067,0.781157178040693
58636000000,icub,0.19588061808525592,-0.15466499999999997,0.7697553090437362
58656000000,cam,-0.020431335284463795,-0.3036519140553067,0.781157178040693
58736000000,icub,0.19588061808525592,-0.152165,0.7697553090437362
58756000000,cam,0.09298958758314528,-0.1732441670476686,0.7992530205984952
58836000000,icub,0.19588061808525592,-0.152165,0.7697553090437362
58856000000,cam,0.0976994627136437,-0.1377441807641742,0.8024132323037713
58936000000,icub,0.21589112457760584,-0.11891203703703702,0.7699794566434793
58956000000,cam,0.09979546070622508,-0.11912630055246722,0.8037512576324839
59036000000,icub,0.19610194155697702,-0.11216499999999999,0.7672587260490693
59056000000,cam,0.1034676022259076,-0.0797209394199616,0.8060044498068324
59136000000,icub,0.19610194155697702,-0.09466499999999999,0.7672587260490693
59156000000,cam,0.10500802859664413,-0.058930602653543926,0.8066693177122221
59236000000,icub,0.1776775297791503,-0.0914005172413793,0.7647256320473773
59256000000,cam,0.10604941263583403,-0.03761478022552466,0.8072122801414416
59337000000,icub,0.1776775297791503,-0.0914005172413793,0.7647256320473773
59356000000,cam,0.10604941263583403,-0.03761478022552466,0.8072122801414416
59437000000,icub,0.19610194155697702,-0.07216499999999998,0.7672587260490693
59456000000,cam,0.10705616414426271,-0.016264768702189573,0.8074841728256141
59537000000,icub,0.19610194155697702,-0.07216499999999998,0.7672587260490693
59556000000,cam,0.10804705122699255,0.0050988496084648175,0.8076325937758292
59637000000,icub,0.12640857829601554,0.24529375000000003,0.7908439120979385
59656000000,cam,0.10806691829551149,0.026470323807215174,0.8077810965984094
59737000000,icub,0.1411962402665905,0.2577224193548387,0.7962293713220872
59756000000,cam,0.047028511660368325,0.290442416234134,0.7860842374156686
59837000000,icub,0.1411962402665905,0.2577224193548387,0.7962293713220872
59856000000,cam,0.03946270195482592,0.29419798762729504,0.7860157999411206
59937000000,icub,0.1411962402665905,0.2577224193548387,0.7962293713220872
59956000000,cam,0.031895433622834445,0.2974544513418412,0.7858789785991792
60037000000,icub,0.1258276041827477,0.25623125,0.797397442458939
60056000000,cam,0.031895433622834445,0.2974544513418412,0.7858789785991792
60137000000,icub,0.1117659798135735,0.24846681818181823,0.794258095717759
60156000000,cam,0.024331505628356825,0.30024605488972356,0.7857650153771587
60237000000,icub,0.1117659798135735,0.24846681818181823,0.794258095717759
60256000000,cam,0.00826439304098615,0.30389353839283356,0.78542342295334
60337000000,icub,0.11139040058883465,0.2527092424242424,0.7984947214056786
60356000000,cam,0.000708602435028418,0.3049352478738959,0.7856738804875717
60437000000,icub,0.11139040058883465,0.2527092424242424,0.7984947214056786
60456000000,cam,-0.008265351064874027,0.3053456836252033,0.7855144707045245
60537000000,icub,0.11139040058883465,0.2527092424242424,0.7984947214056786
60556000000,cam,-0.008265351064874027,0.3053456836252033,0.7855144707045245
60638000000,icub,0.04505743953345143,0.11630078947368423,0.8656608172583417
60656000000,cam,-0.025278617852109952,0.30546965311007634,0.7858333873603535
60738000000,icub,0.05524842283953951,0.08160608108108111,0.8721950372883149
60756000000,cam,-0.12897400156051259,0.16995639457974088,0.8018798901163615
60838000000,icub,0.05524842283953951,0.08160608108108111,0.8721950372883149
60856000000,cam,-0.13164342092908907,0.15289960632681354,0.8034587539807887
60938000000,icub,0.044894359080604296,0.07945868421052633,0.8675004047280962
60956000000,cam,-0.13164342092908907,0.15289960632681354,0.8034587539807887
61038000000,icub,0.044894359080604296,0.06840605263157898,0.8675004047280962
61056000000,cam,-0.13585050502291524,0.11550925293392258,0.8054884653789304
61142000000,icub,0.044894359080604296,0.06287973684210528,0.8675004047280962
61156000000,cam,-0.13808687109294418,0.09634532130737933,0.807236986309636
61242000000,icub,0.044894359080604296,0.06103763157894738,0.8675004047280962
61256000000,cam,-0.13965843252154253,0.07602276413781359,0.8079049115462706
61343000000,icub,0.044894359080604296,0.04814289473684212,0.8675004047280962
61356000000,cam,-0.13965843252154253,0.07602276413781359,0.8079049115462706
61444000000,icub,0.044731278627757165,0.04261657894736843,0.8693399921978507
61456000000,cam,-0.14277014594342977,0.03429402142763816,0.8090218141554012
61544000000,icub,0.044731278627757165,0.04077447368421054,0.8693399921978507
61556000000,cam,-0.1433447492965152,0.01289859373975434,0.80951970441987
61644000000,icub,0.10725902911670754,-0.33698772727272736,0.8450976039727935
61656000000,cam,-0.14426495117288168,-0.008514794757252713,0.8092208599977919
61744000000,icub,0.10725902911670754,-0.33698772727272736,0.8450976039727935
61756000000,cam,-0.08075041323781511,-0.28886518088279634,0.7830897927521194
61844000000,icub,0.10744681872907696,-0.33698772727272736,0.8429792911288337
61856000000,cam,-0.08075041323781511,-0.28886518088279634,0.7830897927521194
61944000000,icub,0.10744681872907696,-0.33698772727272736,0.8429792911288337
61956000000,cam,-0.0731831278697514,-0.2929678270027025,0.7827291503783774
62044000000,icub,0.10744681872907696,-0.33698772727272736,0.8429792911288337
62056000000,cam,-0.06560584962413946,-0.2955790429302627,0.7821666428315027
62144000000,icub,0.10782239795381576,-0.33698772727272736,0.8387426654409142
62156000000,cam,-0.05807615801302509,-0.298375079022384,0.7820992233905439
62245000000,icub,0.10782239795381576,-0.33698772727272736,0.8387426654409142
62256000000,cam,-0.050043064278599954,-0.300493329635349,0.7814932319078366
62345000000,icub,0.10782239795381576,-0.33698772727272736,0.8387426654409142
62356000000,cam,-0.050043064278599954,-0.300493329635349,0.7814932319078366
62445000000,icub,0.10782239795381576,-0.33698772727272736,0.8387426654409142
62456000000,cam,-0.03359795062660649,-0.30332135845418867,0.7815156509227704
62545000000,icub,0.10857355640329341,-0.33698772727272736,0.8302694140650752
62556000000,cam,-0.03359795062660649,-0.30332135845418867,0.7815156509227704
62645000000,icub,0.19588061808525592,-0.187165,0.7697553090437362
62656000000,cam,-0.02559274566741967,-0.3035910105318682,0.7810005011936195
62745000000,icub,0.17746383815128164,-0.18071086206896553,0.7671361259732625
62756000000,cam,0.09404105752324374,-0.1671573784620317,0.8000215332958495
62846000000,icub,0.19588061808525592,-0.184665,0.7697553090437362
62856000000,cam,0.09404105752324374,-0.1671573784620317,0.8000215332958495
62946000000,icub,0.19588061808525592,-0.15966499999999997,0.7697553090437362
62956000000,cam,0.09665563790746136,-0.14968366867963467,0.801758824230548
63046000000,icub,0.19588061808525592,-0.149665,0.7697553090437362
63056000000,cam,0.10030308302175471,-0.11238779181955649,0.8039464376396426
63146000000,icub,0.19588061808525592,-0.147165,0.7697553090437362
63156000000,cam,0.10030308302175471,-0.11238779181955649,0.8039464376396426
63246000000,icub,0.19588061808525592,-0.12716499999999997,0.7697553090437362
63256000000,cam,0.10241400916853467,-0.09272946929444155,0.8053412231758212
63347000000,icub,0.19588061808525592,-0.12466499999999998,0.7697553090437362
63356000000,cam,0.10557698631689962,-0.05121090600658809,0.8073111184276136
63448000000,icub,0.17746383815128164,-0.1227798275862069,0.7671361259732625
63456000000,cam,0.10557698631689962,-0.05121090600658809,0.8073111184276136
63548000000,icub,0.17746383815128164,-0.09622810344827586,0.7671361259732625
63556000000,cam,0.10654454759515875,-0.03033728576171946,0.8072864054523748
63648000000,icub,0.1262149202582596,0.24748125,0.793028422218272
63656000000,cam,0.10804043130533533,0.012382161790049669,0.8075831110325438
63748000000,icub,0.1262149202582596,0.24748125,0.793028422218272
63756000000,cam,0.057965074301270694,0.2827276073061979,0.7869755544515408
63848000000,icub,0.12563394614499168,0.25841875000000003,0.7995819525792724
63856000000,cam,0.05131959817066789,0.28781544227512823,0.7866552457554711
63948000000,icub,0.12563394614499168,0.25841875000000003,0.7995819525792724
63956000000,cam,0.04420160283749487,0.29191967649361583,0.7862439944008393
64048000000,icub,0.12563394614499168,0.25841875000000003,0.7995819525792724
64056000000,cam,0.02953709343600287,0.298442792077373,0.785992991421465
64148000000,icub,0.11120261097646522,0.25483045454545455,0.8006130342496384
64156000000,cam,0.021491781483825672,0.3011211141964586,0.7855827773007525
64248000000,icub,0.11120261097646522,0.25483045454545455,0.8006130342496384
64256000000,cam,0.005431516414060074,0.304401072074932,0.7855144707045245
64348000000,icub,0.11120261097646522,0.25483045454545455,0.8006130342496384
64356000000,cam,-0.0025977570529139376,0.30488221411926303,0.7855372375901376
64448000000,icub,0.11045145252698757,0.26331530303030304,0.8090862856254775
64456000000,cam,-0.0025977570529139376,0.30488221411926303,0.7855372375901376
64548000000,icub,0.11045145252698757,0.26331530303030304,0.8090862856254775
64556000000,cam,-0.011098864051439727,0.3058091265237116,0.785491705798325
64648000000,icub,0.044894359080604296,0.06656394736842107,0.8675004047280962
64656000000,cam,-0.027643511063438927,0.3045511603484853,0.785901777194464
64748000000,icub,0.044731278627757165,0.05735342105263159,0.8693399921978507
64756000000,cam,-0.13265788844483672,0.14667274733336227,0.8037512576324839
64848000000,icub,0.044731278627757165,0.053669210526315805,0.8693399921978507
64856000000,cam,-0.13478333012303906,0.12800786649028306,0.8048999805768087
64948000000,icub,0.044731278627757165,0.05182710526315791,0.8693399921978507
64956000000,cam,-0.13478333012303906,0.12800786649028306,0.8048999805768087
65048000000,icub,0.044731278627757165,0.038932368421052646,0.8693399921978507
65056000000,cam,-0.1385764794604729,0.08906754459193268,0.807261694746498
65148000000,icub,0.05524842283953951,0.0343087837837838,0.8721950372883149
65156000000,cam,-0.1401656885711174,0.06874677619692587,0.8080287834458574
65248000000,icub,0.05524842283953951,0.032416891891891904,0.8721950372883149
65256000000,cam,-0.14176240486591757,0.047902562193114506,0.8088229151200279
65348000000,icub,0.044731278627757165,0.018669210526315802,0.8693399921978507
65356000000,cam,-0.142849216212775,0.026525663657908816,0.809469874023441
65448000000,icub,0.05508093480688575,0.013497972972972982,0.8740843433383332
65456000000,cam,-0.142849216212775,0.026525663657908816,0.809469874023441
65548000000,icub,0.05508093480688575,0.011606081081081092,0.8740843433383332
65556000000,cam,-0.14378723692397966,0.005595780793995824,0.8092706444181532
65648000000,icub,0.09342805094172313,-0.3250173529411765,0.8488716831324964
65656000000,cam,-0.1442028693049339,-0.01580638533696577,0.8088726261255829
65748000000,icub,0.10650787066722989,-0.33698772727272736,0.8535708553486326
65756000000,cam,-0.09075068795258975,-0.2821521389071427,0.784061494717059
65848000000,icub,0.10707123950433811,-0.33698772727272736,0.8472159168167533
65856000000,cam,-0.08504930926906264,-0.2867174775081696,0.783654295782964
65948000000,icub,0.10725902911670754,-0.33698772727272736,0.8450976039727935
65956000000,cam,-0.08504930926906264,-0.2867174775081696,0.783654295782964
66048000000,icub,0.10725902911670754,-0.33698772727272736,0.8450976039727935
66056000000,cam,-0.07743886600334408,-0.29021921514323173,0.7829319503861967
66148000000,icub,0.10763460834144634,-0.33698772727272736,0.8408609782848739
66156000000,cam,-0.0632380329304966,-0.29691314346177394,0.7819644367935257
66251000000,icub,0.10763460834144634,-0.33698772727272736,0.8408609782848739
66256000000,cam,-0.05523718999957897,-0.29922103348708096,0.7818521678468021
66351000000,icub,0.10819797717855462,-0.33698772727272736,0.8345060397529946
66356000000,cam,-0.0392277656754626,-0.3023121821815591,0.781336352807208
66451000000,icub,0.10838576679092404,-0.33698772727272736,0.832387726909035
66456000000,cam,-0.030760016567420133,-0.30313878922549153,0.7810452563869855
66551000000,icub,0.1091369252404017,-0.33698772727272736,0.8239144755331959
66556000000,cam,-0.030760016567420133,-0.30313878922549153,0.7810452563869855
66651000000,icub,0.19588061808525592,-0.15966499999999997,0.7697553090437362
66656000000,cam,-0.02277650081709735,-0.30360840779903997,0.7810452563869855
66751000000,icub,0.17746383815128164,-0.1541591379310345,0.7671361259732625
66756000000,cam,0.09458750999348114,-0.16101537960722362,0.8005752731194662
66851000000,icub,0.1776775297791503,-0.13726258620689658,0.7647256320473773
66856000000,cam,0.09458750999348114,-0.16101537960722362,0.8005752731194662
66951000000,icub,0.1776775297791503,-0.13726258620689658,0.7647256320473773
66956000000,cam,0.09926701837350987,-0.12486873114137376,0.8033856779521411
67051000000,icub,0.1776775297791503,-0.11795224137931035,0.7647256320473773
67056000000,cam,0.10133756377525917,-0.10569096746966171,0.8044839167050007
67151000000,icub,0.1776775297791503,-0.11795224137931035,0.7647256320473773
67156000000,cam,0.10292018577938149,-0.08548429548263921,0.8055130135988333
67251000000,icub,0.1776775297791503,-0.11795224137931035,0.7647256320473773
67256000000,cam,0.10605265846681301,-0.04392570064643743,0.807236986309636
67351000000,icub,0.1776775297791503,-0.11795224137931035,0.7647256320473773
67356000000,cam,0.10605265846681301,-0.04392570064643743,0.807236986309636
67451000000,icub,0.1776775297791503,-0.0914005172413793,0.7647256320473773
67456000000,cam,0.10707584177776117,-0.02258061969462991,0.8076325937758292
67551000000,icub,0.1776775297791503,-0.0817453448275862,0.7647256320473773
67556000000,cam,0.10755815126635745,-0.0012139746192591134,0.8076078512672447
67651000000,icub,0.1423956706939823,0.23062564516129036,0.782699502189699
67656000000,cam,0.10852600627749416,0.0415166601195783,0.8075831110325438
67751000000,icub,0.14139614533782247,0.2509482258064516,0.7939743931333558
67756000000,cam,0.07420242978063532,0.2681244347664491,0.7885599550125311
67851000000,icub,0.14139614533782247,0.2509482258064516,0.7939743931333558
67856000000,cam,0.06843487779141245,0.2739763100507412,0.7876632498620627
67953000000,icub,0.1262149202582596,0.24966875000000002,0.793028422218272
67956000000,cam,0.04894752660755829,0.289192391502627,0.7865409445407744
68053000000,icub,0.1262149202582596,0.24966875000000002,0.793028422218272
68056000000,cam,0.04182452430538006,0.2932442636326365,0.785992991421465
68153000000,icub,0.1262149202582596,0.24966875000000002,0.793028422218272
68156000000,cam,0.04182452430538006,0.2932442636326365,0.785992991421465
68253000000,icub,0.1262149202582596,0.24966875000000002,0.793028422218272
68256000000,cam,0.026693013624996237,0.29929246250327635,0.785742228681622
68353000000,icub,0.11157819020120407,0.2505880303030303,0.7963764085617188
68356000000,cam,0.010625648195553623,0.3034212873619201,0.78542342295334
68453000000,icub,0.12544028810723573,0.26060625,0.8017664626996059
68456000000,cam,0.003069187078084393,0.3047938859851501,0.7853096577732139
68553000000,icub,0.11082703175172642,0.25907287878787877,0.8048496599375579
68556000000,cam,0.003069187078084393,0.3047938859851501,0.7853096577732139
68653000000,icub,0.04505743953345143,0.12735342105263162,0.8656608172583417
68656000000,cam,-0.013933424192902027,0.3053545335834292,0.7855372375901376
68753000000,icub,0.04505743953345143,0.12366921052631581,0.8656608172583417
68756000000,cam,-0.12220883358772265,0.20528202891454395,0.7986302321640796
68853000000,icub,0.04505743953345143,0.12182710526315793,0.8656608172583417
68856000000,cam,-0.1283833322141001,0.17463023612612116,0.8012026265748244
68953000000,icub,0.05508093480688575,0.08728175675675677,0.8740843433383332
68956000000,cam,-0.13106101457402727,0.15809385735909365,0.8028503956335616
69053000000,icub,0.05524842283953951,0.08728175675675677,0.8721950372883149
69056000000,cam,-0.1353167135488806,0.12127669675847799,0.8051940616902299
69153000000,icub,0.044894359080604296,0.08498500000000003,0.8675004047280962
69156000000,cam,-0.1353167135488806,0.12127669675847799,0.8051940616902299
69253000000,icub,0.06600557188485479,0.048872777777777786,0.8790922695421758
69256000000,cam,-0.13910870701119155,0.08229991566630705,0.8075336373834004
69353000000,icub,0.05508093480688575,0.04755202702702704,0.8740843433383332
69356000000,cam,-0.14069468542119862,0.060991996616098186,0.8082766982749492
69453000000,icub,0.044731278627757165,0.03340605263157896,0.8693399921978507
69456000000,cam,-0.14327420561640802,0.01921674404702247,0.8091213187144339
69553000000,icub,0.03491237404755826,0.027165000000000012,0.8648389411158546
69556000000,cam,-0.14378723692397966,-0.002189653354172279,0.8092706444181532
69653000000,icub,0.06910410048895016,-0.30501611111111115,0.8441401076168396
69656000000,cam,-0.14378723692397966,-0.002189653354172279,0.8092706444181532
69753000000,icub,0.06910410048895016,-0.30501611111111115,0.8441401076168396
69756000000,cam,-0.10229571523330476,-0.27333982107374966,0.7858333873603535
69853000000,icub,0.09324578455324689,-0.3250173529411765,0.8509276926575162
69856000000,cam,-0.09600854711552766,-0.27858991190033944,0.7846507931803468
69953000000,icub,0.09324578455324689,-0.3250173529411765,0.8509276926575162
69956000000,cam,-0.08839863240009088,-0.28358281273949154,0.7841067782363851
70053000000,icub,0.09324578455324689,-0.3250173529411765,0.8509276926575162
70056000000,cam,-0.08839863240009088,-0.28358281273949154,0.7841067782363851
70153000000,icub,0.10725902911670754,-0.33698772727272736,0.8450976039727935
70156000000,cam,-0.0679768501533594,-0.2951935880362147,0.7823915002870122
70253000000,icub,0.10744681872907696,-0.33698772727272736,0.8429792911288337
70256000000,cam,-0.05239250391609291,-0.30002344170785045,0.7814932319078366
70353000000,icub,0.10819797717855462,-0.33698772727272736,0.8345060397529946
70356000000,cam,-0.044409505196048416,-0.3014676992938101,0.7815829195459247
70453000000,icub,0.10838576679092404,-0.33698772727272736,0.832387726909035
70456000000,cam,-0.036415269781384964,-0.3028340822464853,0.7814708148221671
70553000000,icub,0.10894913562803227,-0.33698772727272736,0.8260327883771557
70556000000,cam,-0.036415269781384964,-0.3028340822464853,0.7814708148221671
70653000000,icub,0.21589112457760584,-0.13965277777777776,0.7699794566434793
70656000000,cam,-0.01996451068576418,-0.30369543901991863,0.7812691478223962
70753000000,icub,0.19610194155697702,-0.13216499999999998,0.7672587260490693
70756000000,cam,0.09559917012383974,-0.1553185509568681,0.8009852988944244
70853000000,icub,0.1776775297791503,-0.13002120689655172,0.7647256320473773
70856000000,cam,0.09772902292814531,-0.1368206320994034,0.8026560126283196
70953000000,icub,0.21589112457760584,-0.11891203703703702,0.7699794566434793
70956000000,cam,0.10237347447820139,-0.09801715641529919,0.80502247521
71053000000,icub,0.19610194155697702,-0.11216499999999999,0.7672587260490693
71056000000,cam,0.10344866425517592,-0.07825273666140942,0.8058569245104916
71153000000,icub,0.19610194155697702,-0.11216499999999999,0.7672587260490693
71156000000,cam,0.10344866425517592,-0.07825273666140942,0.8058569245104916
71253000000,icub,0.19610194155697702,-0.09216499999999998,0.7672587260490693
71256000000,cam,0.10502407971619442,-0.05748431153057293,0.8067926220521777
71353000000,icub,0.19610194155697702,-0.09216499999999998,0.7672587260490693
71356000000,cam,0.10705944299647535,-0.015294206142353621,0.8075089039682617
71453000000,icub,0.19610194155697702,-0.09216499999999998,0.7672587260490693
71456000000,cam,0.10804705122699255,0.006555663782311908,0.8076325937758292
71553000000,icub,0.19610194155697702,-0.06466499999999999,0.7672587260490693
71556000000,cam,0.10804705122699255,0.006555663782311908,0.8076325937758292
71653000000,icub,0.1417959554802864,0.24643209677419356,0.7894644367558931
71656000000,cam,0.1080437411140611,0.027435826395255967,0.8076078512672447
71753000000,icub,0.1411962402665905,0.2577224193548387,0.7962293713220872
71757000000,cam,0.07181706353935553,0.2704398333280682,0.788398782413943
71853000000,icub,0.1262149202582596,0.25185625,0.793028422218272
71857000000,cam,0.06608422301267099,0.27641680378418293,0.7878699102912075
71953000000,icub,0.1262149202582596,0.25185625,0.793028422218272
71957000000,cam,0.05415282642465198,0.2863714969443386,0.7865866590474847
72053000000,icub,0.1258276041827477,0.25623125,0.797397442458939
72057000000,cam,0.03899122625455037,0.2946791462995413,0.7860386104465142
72153000000,icub,0.11157819020120407,0.24846681818181823,0.7963764085617188
72157000000,cam,0.03899122625455037,0.2946791462995413,0.7860386104465142
72253000000,icub,0.11157819020120407,0.24846681818181823,0.7963764085617188
72257000000,cam,0.03189173324186917,0.2974199418630613,0.7857878040552678
72353000000,icub,0.11157819020120407,0.24846681818181823,0.7963764085617188
72357000000,cam,0.015824078036413246,0.30254692484545326,0.7856055501263279
72453000000,icub,0.11101482136409585,0.25695166666666663,0.8027313470935981
72458000000,cam,0.015824078036413246,0.30254692484545326,0.7856055501263279
72553000000,icub,0.11101482136409585,0.25695166666666663,0.8027313470935981
72558000000,cam,0.007792819440372575,0.30391995817453044,0.785491705798325
72653000000,icub,0.044894359080604296,0.0978797368421053,0.8675004047280962
72658000000,cam,-0.008265111527667882,0.30533683443641635,0.785491705798325
72753000000,icub,0.044894359080604296,0.0978797368421053,0.8675004047280962
72758000000,cam,-0.12900907372933712,0.16952033426490465,0.8020979469847449
72853000000,icub,0.044894359080604296,0.0978797368421053,0.8675004047280962
72858000000,cam,-0.1316474127243787,0.15193802312593432,0.8034831170886974
72953000000,icub,0.05524842283953951,0.07971418918918921,0.8721950372883149
72958000000,cam,-0.1337096591672581,0.1332260799297635,0.8042639086408934
73053000000,icub,0.05524842283953951,0.07971418918918921,0.8721950372883149
73058000000,cam,-0.13637222892396084,0.1145720502327415,0.8057094801904375
73153000000,icub,0.05524842283953951,0.07971418918918921,0.8721950372883149
73158000000,cam,-0.13637222892396084,0.1145720502327415,0.8057094801904375
73253000000,icub,0.044894359080604296,0.053669210526315805,0.8675004047280962
73258000000,cam,-0.14013560871363484,0.07456088713186464,0.8078553787353634
73353000000,icub,0.044731278627757165,0.044458684210526324,0.8693399921978507
73358000000,cam,-0.1412674030792441,0.053735105129970644,0.8087732132786364
73453000000,icub,0.044731278627757165,0.02603763157894738,0.8693399921978507
73458000000,cam,-0.14229245511340605,0.03283672041078601,0.8090715618457883
73553000000,icub,0.044731278627757165,0.020511315789473697,0.8693399921978507
73558000000,cam,-0.1442028693049339,-0.009483831202179462,0.8088726261255829
73653000000,icub,0.09324578455324689,-0.3250173529411765,0.8509276926575162
73658000000,cam,-0.1442028693049339,-0.009483831202179462,0.8088726261255829
73753000000,icub,0.09324578455324689,-0.3250173529411765,0.8509276926575162
73758000000,cam,-0.09889361803816585,-0.2754387881874452,0.7850822756397817
73853000000,icub,0.09324578455324689,-0.3250173529411765,0.8509276926575162
73858000000,cam,-0.08601153422980766,-0.28536977521177287,0.783835194745619
73953000000,icub,0.10688344989196868,-0.33698772727272736,0.8493342296607131
73958000000,cam,-0.08028881627664793,-0.28936937009970765,0.7831800312627615
74053000000,icub,0.10707123950433811,-0.33698772727272736,0.8472159168167533
74058000000,cam,-0.06465783245875391,-0.2960153129657134,0.7820767541174402
74153000000,icub,0.10763460834144634,-0.33698772727272736,0.8408609782848739
74158000000,cam,-0.057581095906876115,-0.2987166240719981,0.7817623874976692
74253000000,icub,0.10801018756618519,-0.33698772727272736,0.8366243525969544
74258000000,cam,-0.04157673367998132,-0.3018423885806553,0.781336352807208
74353000000,icub,0.10801018756618519,-0.33698772727272736,0.8366243525969544
74358000000,cam,-0.033113802842002854,-0.3031909182200403,0.7811795681456903
74453000000,icub,0.10894913562803227,-0.33698772727272736,0.8260327883771557
74458000000,cam,-0.0251181170684325,-0.3035301436400301,0.7808439185828618
74553000000,icub,0.10894913562803227,-0.33698772727272736,0.8260327883771557
74558000000,cam,-0.0251181170684325,-0.3035301436400301,0.7808439185828618
74653000000,icub,0.16006827497263254,-0.188687,0.7670216992358428
74658000000,cam,-0.017141077934516562,-0.30360840779903997,0.7810452563869855
74753000000,icub,0.19588061808525592,-0.16466499999999998,0.7697553090437362
74758000000,cam,0.091462854013777,-0.1822055280746896,0.7985106319788843
74853000000,icub,0.17746383815128164,-0.16140051724137933,0.7671361259732625
74858000000,cam,0.09354878052018871,-0.16617534020424266,0.7999253479593676
74953000000,icub,0.17746383815128164,-0.16140051724137933,0.7671361259732625
74958000000,cam,0.09876001810898974,-0.1306336669852407,0.8031909059805651
75053000000,icub,0.19588061808525592,-0.147165,0.7697553090437362
75058000000,cam,0.1008048345825964,-0.11144131592944109,0.8040929159933479
75153000000,icub,0.17746383815128164,-0.1420901724137931,0.7671361259732625
75158000000,cam,0.10239217681513753,-0.09125733016384596,0.8051695426183232
75253000000,icub,0.19588061808525592,-0.12716499999999997,0.7697553090437362
75258000000,cam,0.10397761315729806,-0.07101501318202408,0.8062012762932357
75353000000,icub,0.19588061808525592,-0.10716499999999998,0.7697553090437362
75358000000,cam,0.10654780917958376,-0.028881980164852997,0.8073111184276136
75453000000,icub,0.17746383815128164,-0.1034694827586207,0.7671361259732625
75458000000,cam,0.10759111726194147,-0.007528949514943986,0.8078553787353634
75553000000,icub,0.17746383815128164,-0.1034694827586207,0.7671361259732625
75558000000,cam,0.10759111726194147,-0.007528949514943986,0.8078553787353634
75653000000,icub,0.12602126222050364,0.25404375,0.7952129323386055
75658000000,cam,0.10803712180076869,0.013838462792458012,0.8075583730713785
75753000000,icub,0.1258276041827477,0.25404375,0.797397442458939
75758000000,cam,0.050865830432433215,0.28792425877335454,0.7869526622821098
75854000000,icub,0.11120261097646522,0.25483045454545455,0.8006130342496384
75858000000,cam,0.036629184658083604,0.29563296778879095,0.7860614229379341
75954000000,icub,0.11120261097646522,0.25483045454545455,0.8006130342496384
75958000000,cam,0.036629184658083604,0.29563296778879095,0.7860614229379341
76054000000,icub,0.11082703175172642,0.25907287878787877,0.8048496599375579
76058000000,cam,0.02102309135781571,0.30117349978893293,0.7857194439683701
76154000000,icub,0.11082703175172642,0.25907287878787877,0.8048496599375579
76159000000,cam,0.013461104728735856,0.3029929362625983,0.7855372375901376
76254000000,icub,0.11082703175172642,0.25907287878787877,0.8048496599375579
76259000000,cam,0.004959641880882847,0.30442754211704715,0.7855827773007525
76354000000,icub,0.11045145252698757,0.26331530303030304,0.8090862856254775
76359000000,cam,-0.0030704325092562905,0.3053899411129526,0.7856283249324649
76454000000,icub,0.11045145252698757,0.26331530303030304,0.8090862856254775
76459000000,cam,-0.011100472652409293,0.30585344861425606,0.7856055501263279
76554000000,icub,0.11045145252698757,0.26331530303030304,0.8090862856254775
76559000000,cam,-0.020074740946430573,0.3048998889628455,0.7855827773007525
76654000000,icub,0.044894359080604296,0.08498500000000003,0.8675004047280962
76659000000,cam,-0.020074740946430573,0.3048998889628455,0.7855827773007525
76754000000,icub,0.044894359080604296,0.07577447368421056,0.8675004047280962
76759000000,cam,-0.13002471704359,0.16283243785607282,0.8024132323037713
76854000000,icub,0.044894359080604296,0.07209026315789475,0.8675004047280962
76859000000,cam,-0.13269815980621028,0.14526702011572382,0.803995254862728
76954000000,icub,0.044731278627757165,0.05919552631578948,0.8693399921978507
76959000000,cam,-0.13697785417835262,0.10788521258295028,0.8064228785418018
77054000000,icub,0.044731278627757165,0.053669210526315805,0.8693399921978507
77059000000,cam,-0.1391001860649944,0.08812106028201216,0.8074841728256141
77154000000,icub,0.044731278627757165,0.05182710526315791,0.8693399921978507
77159000000,cam,-0.1391001860649944,0.08812106028201216,0.8074841728256141
77254000000,icub,0.044731278627757165,0.05182710526315791,0.8693399921978507
77259000000,cam,-0.14063859308099558,0.06728305748434503,0.8079544534694536
77354000000,icub,0.05508093480688575,0.032416891891891904,0.8740843433383332
77359000000,cam,-0.14183215267080945,0.04646645138957909,0.8092208599977919
77454000000,icub,0.044731278627757165,0.03156394736842106,0.8693399921978507
77459000000,cam,-0.14183215267080945,0.04646645138957909,0.8092208599977919
77554000000,icub,0.05508093480688575,0.017281756756756767,0.8740843433383332
77559000000,cam,-0.1437651263555163,0.0041353758850148515,0.8091462005914857
77654000000,icub,0.10650787066722989,-0.33698772727272736,0.8535708553486326
77659000000,cam,-0.14421616581517144,-0.01726702828478444,0.8089472098228838
77754000000,icub,0.10707123950433811,-0.33698772727272736,0.8472159168167533
77759000000,cam,-0.09169884800969429,-0.2821684346210901,0.7841067782363851
77854000000,icub,0.10725902911670754,-0.33698772727272736,0.8450976039727935
77859000000,cam,-0.08359958365847063,-0.2870644858582414,0.7833154475396035
77954000000,icub,0.10725902911670754,-0.33698772727272736,0.8450976039727935
77959000000,cam,-0.07695482011729352,-0.29111043573422657,0.7827967328697939
78054000000,icub,0.10763460834144634,-0.33698772727272736,0.8408609782848739
78059000000,cam,-0.06278589686942,-0.29699845597781827,0.7821891198532994
78154000000,icub,0.10763460834144634,-0.33698772727272736,0.8408609782848739
78159000000,cam,-0.06278589686942,-0.29699845597781827,0.7821891198532994
78256000000,icub,0.10819797717855462,-0.33698772727272736,0.8345060397529946
78259000000,cam,-0.05475608206104565,-0.29963092114949874,0.7816950725289735
78356000000,icub,0.10819797717855462,-0.33698772727272736,0.8345060397529946
78359000000,cam,-0.03875686075079052,-0.3027732939864786,0.7813139492186438
78456000000,icub,0.10819797717855462,-0.33698772727272736,0.8345060397529946
78459000000,cam,-0.022308160684805334,-0.3036258080574031,0.7810900192753158
78556000000,icub,0.09579751399191366,-0.3250173529411765,0.8221435593072393
78559000000,cam,-0.022308160684805334,-0.3036258080574031,0.7810900192753158
78656000000,icub,0.17746383815128164,-0.1734694827586207,0.7671361259732625
78659000000,cam,-0.013853350981210297,-0.3031301036736016,0.7810228778285698
78756000000,icub,0.19588061808525592,-0.177165,0.7697553090437362
78759000000,cam,0.09458181555261067,-0.16004302122769995,0.8005270761793473
78856000000,icub,0.19588061808525592,-0.15966499999999997,0.7697553090437362
78862000000,cam,0.09458181555261067,-0.16004302122769995,0.8005270761793473
78956000000,icub,0.17746383815128164,-0.1541591379310345,0.7671361259732625
78962000000,cam,0.09717879759424834,-0.14203055033005527,0.8020979469847449
79056000000,icub,0.17746383815128164,-0.1541591379310345,0.7671361259732625
79062000000,cam,0.09928206863639992,-0.12392141413740429,0.8035074824130123
79156000000,icub,0.21589112457760584,-0.1240972222222222,0.7699794566434793
79162000000,cam,0.10292645967897457,-0.08452078688932266,0.8055621167726177
79256000000,icub,0.1776775297791503,-0.11553844827586207,0.7647256320473773
79262000000,cam,0.10292645967897457,-0.08452078688932266,0.8055621167726177
79356000000,icub,0.17746383815128164,-0.11553844827586207,0.7671361259732625
79362000000,cam,0.1045038403499896,-0.06376916476113055,0.8065214271036436
79456000000,icub,0.19610194155697702,-0.09966499999999998,0.7672587260490693
79462000000,cam,0.10608513317696781,-0.042482604819151865,0.8074841728256141
79556000000,icub,0.1776775297791503,-0.09622810344827586,0.7647256320473773
79562000000,cam,0.10608513317696781,-0.042482604819151865,0.8074841728256141
79656000000,icub,0.12544028810723573,0.26060625,0.8017664626996059
79662000000,cam,0.10757792722667528,0.00024283956484576812,0.807756340439204
79757000000,icub,0.12544028810723573,0.26060625,0.8017664626996059
79762000000,cam,0.06178650647169463,0.28005148335637836,0.7874338177841822
79857000000,icub,0.12544028810723573,0.26060625,0.8017664626996059
79862000000,cam,0.04846474664712652,0.28960641289136585,0.7863810065120824
79957000000,icub,0.12505297203172383,0.26498125,0.806135482940273
79962000000,cam,0.04136393531926735,0.29332939274977593,0.7862211660108281
80057000000,icub,0.11101482136409585,0.25695166666666663,0.8027313470935981
80062000000,cam,0.0262213313082292,0.2997735984697555,0.7857650153771587
80157000000,icub,0.11101482136409585,0.25695166666666663,0.8027313470935981
80162000000,cam,0.0262213313082292,0.2997735984697555,0.7857650153771587
80257000000,icub,0.11101482136409585,0.25695166666666663,0.8027313470935981
80262000000,cam,0.018180611138687255,0.3015148107026444,0.7853779109484951
80357000000,icub,0.11082703175172642,0.25907287878787877,0.8048496599375579
80362000000,cam,0.010624724667830742,0.3033949155147223,0.7853551579127563
80457000000,icub,0.110639242139357,0.25907287878787877,0.8069679727815177
80462000000,cam,0.0025983596060221658,0.3044805029238702,0.7857194439683701
80557000000,icub,0.110639242139357,0.25907287878787877,0.8069679727815177
80562000000,cam,-0.014407414081894901,0.30586231534514585,0.7856283249324649
80657000000,icub,0.05541591087219333,0.12322770270270272,0.8703057312382968
80662000000,cam,-0.022914136368452548,0.3049706190894045,0.7857650153771587
80757000000,icub,0.04505743953345143,0.11998500000000002,0.8656608172583417
80762000000,cam,-0.12841818478965886,0.1737139047529907,0.8014201312508521
80857000000,icub,0.05524842283953951,0.10620067567567569,0.8721950372883149
80862000000,cam,-0.12841818478965886,0.1737139047529907,0.8014201312508521
80957000000,icub,0.044894359080604296,0.10340605263157897,0.8675004047280962
80962000000,cam,-0.1306297088090771,0.1571902780678543,0.8031665694433442
81057000000,icub,0.044894359080604296,0.10340605263157897,0.8675004047280962
81062000000,cam,-0.13276670537273613,0.13905438176561616,0.8044105606236303
81159000000,icub,0.044894359080604296,0.0905113157894737,0.8675004047280962
81162000000,cam,-0.13536618949698684,0.12035240819320656,0.8054884653789304
81259000000,icub,0.044894359080604296,0.08682710526315791,0.8675004047280962
81262000000,cam,-0.13960280449565804,0.08084823286444195,0.8075831110325438
81359000000,icub,0.044894359080604296,0.05919552631578948,0.8675004047280962
81362000000,cam,-0.13960280449565804,0.08084823286444195,0.8075831110325438
81459000000,icub,0.05508093480688575,0.04944391891891893,0.8740843433383332
81462000000,cam,-0.14226184000644812,0.039152403830834445,0.8088974850658018
81559000000,icub,0.05508093480688575,0.045660135135135144,0.8740843433383332
81563000000,cam,-0.14330505565873222,0.017761068018824197,0.8092955400742409
81659000000,icub,0.10725902911670754,-0.33698772727272736,0.8450976039727935
81663000000,cam,-0.1441762873139916,-0.024556163606598905,0.8087235205985932
81759000000,icub,0.10744681872907696,-0.33698772727272736,0.8429792911288337
81763000000,cam,-0.08218663294875,-0.2880064529980552,0.7833154475396035
81859000000,icub,0.10744681872907696,-0.33698772727272736,0.8429792911288337
81863000000,cam,-0.075065652059327,-0.29202656490791473,0.7827291503783774
81959000000,icub,0.10744681872907696,-0.33698772727272736,0.8429792911288337
81963000000,cam,-0.0675006000122747,-0.2951681289735357,0.7823240226890813
82059000000,icub,0.10744681872907696,-0.33698772727272736,0.8429792911288337
82063000000,cam,-0.05191963732261427,-0.30000623014017386,0.7814483996654851
82159000000,icub,0.10819797717855462,-0.33698772727272736,0.8345060397529946
82163000000,cam,-0.04392696129312268,-0.3018510441800141,0.7813587583231005
82259000000,icub,0.10838576679092404,-0.33698772727272736,0.832387726909035
82263000000,cam,-0.04392696129312268,-0.3018510441800141,0.7813587583231005
82359000000,icub,0.10857355640329341,-0.33698772727272736,0.8302694140650752
82363000000,cam,-0.035946426453642225,-0.302842769272842,0.7814932319078366
82459000000,icub,0.10894913562803227,-0.33698772727272736,0.8260327883771557
82463000000,cam,-0.027477410868895984,-0.30366061755113255,0.7811795681456903
82559000000,icub,0.10894913562803227,-0.33698772727272736,0.8260327883771557
82563000000,cam,-0.011036036478387377,-0.30313878922549153,0.7810452563869855
82659000000,icub,0.19588061808525592,-0.18966499999999997,0.7697553090437362
82663000000,cam,-0.0030543591478733173,-0.30191165423209326,0.7815156509227704
82761000000,icub,0.19588061808525592,-0.18966499999999997,0.7697553090437362
82763000000,cam,0.08993096677360655,-0.1868165949777054,0.7976987732274412
