3128486000000,icub,0.09,0.07,0.63
3128520000000,cam,0.135,0.101,0.801
3128536000000,icub,0.09,0.03,0.63
3128586000000,icub,0.09,0.03,0.63
3128588000000,cam,0.137,0.06,0.797
3128636000000,icub,0.09,0.01,0.63
3128655000000,cam,0.14,0.04,0.809
3128686000000,icub,0.09,0.01,0.63
3128721000000,cam,0.144,-0.024,0.812
3128736000000,icub,0.09,-0.01,0.63
3128773000000,cam,0.143,-0.046,0.81
3128786000000,icub,0.09,-0.06,0.63
3128826000000,cam,0.143,-0.087,0.806
3128836000000,icub,0.09,-0.06,0.63
3128886000000,icub,0.09,-0.08,0.63
3128886000000,cam,0.141,-0.126,0.807
3128936000000,icub,0.09,-0.08,0.63
3128936000000,cam,0.143,-0.148,0.826
3128986000000,icub,0.09,-0.1,0.63
3128986000000,cam,0.142,-0.166,0.823
3129036000000,icub,0.08,-0.12,0.63
3129041000000,cam,0.134,-0.192,0.795
3129086000000,icub,0.08,-0.12,0.63
3129097000000,cam,0.128,-0.217,0.787
3129137000000,icub,0.08,-0.16,0.64
3129147000000,cam,0.125,-0.242,0.803
3129187000000,icub,0.08,-0.16,0.64
3129197000000,cam,0.122,-0.252,0.804
3129237000000,icub,0.08,-0.18,0.64
3129247000000,cam,0.118,-0.258,0.796
3129287000000,icub,0.08,-0.27,0.65
3129297000000,cam,0.107,-0.27,0.789
3129337000000,icub,0.08,-0.28,0.65
3129347000000,cam,0.102,-0.275,0.787
3129387000000,icub,0.08,-0.28,0.65
3129397000000,cam,0.095,-0.28,0.785
3129437000000,icub,0.09,-0.29,0.65
3129447000000,cam,0.088,-0.283,0.781
3129487000000,icub,0.09,-0.29,0.65
3129497000000,cam,0.075,-0.299,0.801
3129537000000,icub,0.09,-0.3,0.65
3129547000000,cam,0.075,-0.299,0.801
3129587000000,icub,0.09,-0.3,0.65
3129597000000,cam,0.066,-0.295,0.781
3129637000000,icub,0.09,-0.3,0.66
3129647000000,cam,0.052,-0.308,0.799
3129687000000,icub,0.09,-0.3,0.66
3129697000000,cam,0.036,-0.311,0.803
3129737000000,icub,0.09,-0.31,0.66
3129747000000,cam,0.018,-0.311,0.8
3129787000000,icub,0.12,-0.34,0.69
3129797000000,cam,0.01,-0.306,0.79
3129837000000,icub,0.12,-0.34,0.69
3129848000000,cam,0.002,-0.308,0.794
3129887000000,icub,0.12,-0.34,0.69
3129899000000,cam,-0.022,-0.303,0.798
3129937000000,icub,0.12,-0.34,0.69
3129949000000,cam,-0.029,-0.292,0.778
3129987000000,icub,0.13,-0.34,0.71
3129999000000,cam,-0.043,-0.291,0.795
3130037000000,icub,0.13,-0.34,0.71
3130049000000,cam,-0.051,-0.286,0.8
3130087000000,icub,0.13,-0.34,0.71
3130099000000,cam,-0.063,-0.274,0.801
3130137000000,icub,0.14,-0.34,0.72
3130149000000,cam,-0.066,-0.265,0.791
3130187000000,icub,0.14,-0.34,0.72
3130204000000,cam,-0.075,-0.246,0.782
3130238000000,icub,0.15,-0.35,0.72
3130258000000,cam,-0.089,-0.224,0.818
3130288000000,icub,0.2,-0.31,0.76
3130311000000,cam,-0.088,-0.202,0.791
3130338000000,icub,0.2,-0.31,0.76
3130361000000,cam,-0.094,-0.193,0.814
3130388000000,icub,0.21,-0.3,0.77
3130411000000,cam,-0.099,-0.159,0.819
3130440000000,icub,0.21,-0.3,0.77
3130461000000,cam,-0.1,-0.139,0.806
3130490000000,icub,0.21,-0.3,0.77
3130515000000,cam,-0.101,-0.117,0.798
3130540000000,icub,0.21,-0.29,0.77
3130572000000,cam,-0.105,-0.078,0.8
3130590000000,icub,0.21,-0.29,0.77
3130623000000,cam,-0.108,-0.058,0.816
3130640000000,icub,0.21,-0.26,0.77
3130686000000,cam,-0.107,-0.036,0.801
3130690000000,icub,0.21,-0.24,0.77
3130740000000,icub,0.21,-0.24,0.77
3130740000000,cam,-0.11,0.028,0.809
3130790000000,cam,-0.114,0.071,0.831
3130790000000,icub,0.23,-0.12,0.78
3130840000000,icub,0.23,-0.12,0.78
3130844000000,cam,-0.112,0.091,0.816
3130890000000,icub,0.23,-0.1,0.78
3130909000000,cam,-0.11,0.13,0.815
3130940000000,icub,0.23,-0.1,0.78
3130975000000,cam,-0.108,0.147,0.804
3130990000000,icub,0.23,-0.08,0.78
3131026000000,cam,-0.101,0.195,0.796
3131040000000,icub,0.23,-0.08,0.78
3131090000000,icub,0.23,-0.03,0.78
3131091000000,cam,-0.098,0.223,0.8
3131141000000,icub,0.23,-0.01,0.78
3131149000000,cam,-0.094,0.231,0.789
3131192000000,icub,0.23,-0.01,0.78
3131203000000,cam,-0.087,0.249,0.788
3131242000000,icub,0.23,0.04,0.78
3131256000000,cam,-0.085,0.262,0.805
3131292000000,icub,0.21,0.21,0.77
3131312000000,cam,-0.075,0.275,0.802
3131342000000,icub,0.21,0.22,0.76
3131362000000,cam,-0.07,0.281,0.802
3131392000000,icub,0.21,0.22,0.76
3131412000000,cam,-0.049,0.292,0.791
3131442000000,icub,0.2,0.23,0.76
3131462000000,cam,-0.041,0.294,0.784
3131492000000,icub,0.2,0.23,0.76
3131512000000,cam,-0.034,0.304,0.8
3131542000000,icub,0.2,0.23,0.76
3131562000000,cam,-0.025,0.297,0.777
3131592000000,icub,0.19,0.24,0.76
3131612000000,cam,-0.018,0.301,0.782
3131642000000,icub,0.19,0.24,0.76
3131662000000,cam,-0.01,0.309,0.797
3131692000000,icub,0.19,0.24,0.76
3131712000000,cam,-0.002,0.305,0.783
3131742000000,icub,0.19,0.25,0.76
3131764000000,cam,0.015,0.304,0.782
3131792000000,icub,0.15,0.28,0.72
3131814000000,cam,0.024,0.31,0.797
3131842000000,icub,0.15,0.28,0.72
3131864000000,cam,0.032,0.304,0.789
3131892000000,icub,0.14,0.28,0.71
3131914000000,cam,0.055,0.297,0.787
3131942000000,icub,0.14,0.28,0.71
3131964000000,cam,0.063,0.297,0.797
3131992000000,icub,0.14,0.28,0.71
3132014000000,cam,0.077,0.288,0.795
3132042000000,icub,0.14,0.28,0.71
3132064000000,cam,0.082,0.274,0.773
3132092000000,icub,0.13,0.28,0.71
3132114000000,cam,0.09,0.276,0.794
3132142000000,icub,0.13,0.28,0.7
3132164000000,cam,0.099,0.26,0.786
3132192000000,icub,0.13,0.28,0.7
3132214000000,cam,0.109,0.249,0.801
3132242000000,icub,0.13,0.28,0.69
3132264000000,cam,0.112,0.238,0.798
3132292000000,icub,0.1,0.25,0.65
3132314000000,cam,0.116,0.229,0.805
3132342000000,icub,0.09,0.24,0.65
3132364000000,cam,0.119,0.214,0.799
3132392000000,icub,0.09,0.23,0.65
3132414000000,cam,0.13,0.173,0.819
3132442000000,icub,0.09,0.23,0.65
3132464000000,cam,0.132,0.153,0.81
3132492000000,icub,0.09,0.22,0.64
3132514000000,cam,0.133,0.134,0.809
3132542000000,icub,0.09,0.22,0.64
3132564000000,cam,0.136,0.095,0.808
3132592000000,icub,0.09,0.21,0.64
3132614000000,cam,0.136,0.073,0.793
3132642000000,icub,0.09,0.2,0.64
3132664000000,cam,0.143,0.055,0.828
3132692000000,icub,0.09,0.2,0.64
3132714000000,cam,0.141,0.032,0.809
3132742000000,icub,0.09,0.19,0.64
3132764000000,cam,0.144,0.011,0.821
3132792000000,icub,0.09,-0.02,0.63
3132814000000,cam,0.142,-0.031,0.801
3132842000000,icub,0.09,-0.04,0.63
3132864000000,cam,0.144,-0.052,0.81
3132892000000,icub,0.09,-0.04,0.63
3132914000000,cam,0.142,-0.073,0.802
3132942000000,icub,0.09,-0.07,0.63
3132964000000,cam,0.144,-0.095,0.813
3132992000000,icub,0.09,-0.09,0.63
3133014000000,cam,0.143,-0.134,0.82
3133042000000,icub,0.09,-0.09,0.63
3133064000000,cam,0.143,-0.156,0.828
3133092000000,icub,0.09,-0.11,0.63
3133114000000,cam,0.136,-0.184,0.798
3133142000000,icub,0.09,-0.11,0.63
3133164000000,cam,0.133,-0.198,0.799
3133193000000,icub,0.08,-0.13,0.63
3133214000000,cam,0.131,-0.227,0.807
3133243000000,icub,0.08,-0.13,0.63
3133264000000,cam,0.127,-0.236,0.799
3133293000000,icub,0.08,-0.25,0.64
3133314000000,cam,0.123,-0.243,0.792
3133343000000,icub,0.08,-0.25,0.64
3133364000000,cam,0.111,-0.267,0.794
3133393000000,icub,0.08,-0.27,0.65
3133414000000,cam,0.106,-0.272,0.792
3133443000000,icub,0.08,-0.27,0.65
3133464000000,cam,0.088,-0.293,0.802
3133493000000,icub,0.08,-0.27,0.65
3133514000000,cam,0.081,-0.297,0.802
3133543000000,icub,0.09,-0.29,0.65
3133564000000,cam,0.071,-0.293,0.779
3133593000000,icub,0.09,-0.29,0.65
3133614000000,cam,0.058,-0.307,0.802
3133643000000,icub,0.09,-0.3,0.65
3133664000000,cam,0.049,-0.303,0.786
3133693000000,icub,0.09,-0.3,0.65
3133714000000,cam,0.032,-0.308,0.793
3133743000000,icub,0.09,-0.3,0.66
3133764000000,cam,0.015,-0.301,0.774
3133793000000,icub,0.12,-0.34,0.69
3133814000000,cam,-0.001,-0.301,0.778
3133843000000,icub,0.12,-0.34,0.69
3133864000000,cam,-0.009,-0.302,0.784
3133895000000,icub,0.12,-0.34,0.69
3133914000000,cam,-0.017,-0.301,0.789
3133945000000,icub,0.13,-0.34,0.71
3133964000000,cam,-0.024,-0.296,0.782
3133995000000,icub,0.13,-0.34,0.71
3134014000000,cam,-0.047,-0.29,0.803
3134046000000,icub,0.14,-0.35,0.72
3134064000000,cam,-0.047,-0.29,0.803
3134096000000,icub,0.14,-0.34,0.72
3134114000000,cam,-0.057,-0.274,0.784
3134146000000,icub,0.14,-0.34,0.72
3134165000000,cam,-0.064,-0.268,0.787
3134196000000,icub,0.15,-0.35,0.72
3134215000000,cam,-0.074,-0.256,0.798
3134246000000,icub,0.15,-0.34,0.73
3134265000000,cam,-0.081,-0.239,0.805
3134296000000,icub,0.2,-0.31,0.76
3134315000000,cam,-0.083,-0.223,0.788
3134346000000,icub,0.2,-0.3,0.76
3134365000000,cam,-0.09,-0.198,0.798
3134396000000,icub,0.2,-0.3,0.76
3134415000000,cam,-0.097,-0.169,0.81
3134446000000,icub,0.2,-0.29,0.77
3134465000000,cam,-0.101,-0.154,0.824
3134496000000,icub,0.2,-0.29,0.77
3134515000000,cam,-0.102,-0.111,0.801
3134547000000,icub,0.21,-0.28,0.77
3134565000000,cam,-0.105,-0.071,0.796
3134598000000,icub,0.21,-0.28,0.77
3134615000000,cam,-0.107,-0.051,0.807
3134648000000,icub,0.21,-0.27,0.77
3134665000000,cam,-0.109,-0.03,0.817
3134698000000,icub,0.21,-0.27,0.77
3134715000000,cam,-0.109,-0.007,0.804
3134748000000,icub,0.22,-0.24,0.77
3134765000000,cam,-0.113,0.014,0.828
3134798000000,icub,0.23,-0.02,0.78
3134815000000,cam,-0.111,0.056,0.808
3134848000000,icub,0.23,0.0,0.78
3134865000000,cam,-0.114,0.079,0.833
3134898000000,icub,0.23,0.0,0.78
3134915000000,cam,-0.11,0.097,0.805
3134948000000,icub,0.23,0.02,0.78
3134965000000,cam,-0.112,0.119,0.824
3134998000000,icub,0.23,0.02,0.78
3135015000000,cam,-0.109,0.136,0.814
3135048000000,icub,0.23,0.05,0.78
3135065000000,cam,-0.107,0.152,0.798
3135098000000,icub,0.23,0.05,0.78
3135115000000,cam,-0.105,0.17,0.798
3135148000000,icub,0.23,0.05,0.78
3135165000000,cam,-0.107,0.192,0.828
3135198000000,icub,0.23,0.07,0.78
3135215000000,cam,-0.099,0.213,0.795
3135248000000,icub,0.23,0.07,0.78
3135265000000,cam,-0.094,0.237,0.796
3135298000000,icub,0.21,0.19,0.77
3135315000000,cam,-0.09,0.245,0.795
3135348000000,icub,0.21,0.19,0.77
3135365000000,cam,-0.083,0.262,0.794
3135398000000,icub,0.21,0.21,0.77
3135415000000,cam,-0.077,0.268,0.793
3135448000000,icub,0.21,0.21,0.77
3135465000000,cam,-0.066,0.277,0.783
3135498000000,icub,0.2,0.22,0.76
3135515000000,cam,-0.053,0.288,0.787
3135548000000,icub,0.2,0.23,0.76
3135565000000,cam,-0.047,0.298,0.8
3135598000000,icub,0.2,0.23,0.76
3135615000000,cam,-0.039,0.303,0.806
3135648000000,icub,0.2,0.24,0.76
3135665000000,cam,-0.023,0.304,0.791
3135698000000,icub,0.2,0.24,0.76
3135715000000,cam,-0.015,0.308,0.8
3135748000000,icub,0.19,0.24,0.76
3135765000000,cam,0.002,0.306,0.789
3135798000000,icub,0.13,0.28,0.71
3135815000000,cam,0.018,0.309,0.793
3135848000000,icub,0.13,0.28,0.71
3135865000000,cam,0.035,0.309,0.801
3135898000000,icub,0.13,0.28,0.71
3135915000000,cam,0.042,0.297,0.774
3135948000000,icub,0.13,0.28,0.7
3135965000000,cam,0.051,0.303,0.8
3135998000000,icub,0.13,0.28,0.7
3136015000000,cam,0.072,0.285,0.782
3136048000000,icub,0.13,0.28,0.7
3136065000000,cam,0.086,0.283,0.803
3136098000000,icub,0.13,0.28,0.7
3136115000000,cam,0.093,0.279,0.805
3136148000000,icub,0.13,0.28,0.69
3136166000000,cam,0.101,0.258,0.787
3136198000000,icub,0.13,0.28,0.69
3136216000000,cam,0.11,0.247,0.804
3136248000000,icub,0.13,0.28,0.69
3136266000000,cam,0.111,0.23,0.783
3136298000000,icub,0.09,0.23,0.65
3136316000000,cam,0.117,0.223,0.801
3136348000000,icub,0.09,0.22,0.65
3136366000000,cam,0.127,0.181,0.809
3136398000000,icub,0.09,0.21,0.64
3136416000000,cam,0.131,0.166,0.817
3136448000000,icub,0.09,0.21,0.64
3136466000000,cam,0.134,0.127,0.809
3136498000000,icub,0.09,0.2,0.64
3136516000000,cam,0.135,0.108,0.804
3136548000000,icub,0.09,0.2,0.64
3136566000000,cam,0.136,0.066,0.795
3136598000000,icub,0.09,0.2,0.64
3136616000000,cam,0.144,0.047,0.83
3136648000000,icub,0.09,0.2,0.64
3136666000000,cam,0.144,0.025,0.819
3136698000000,icub,0.09,0.18,0.64
3136716000000,cam,0.141,0.004,0.803
3136748000000,icub,0.09,0.15,0.63
3136766000000,cam,0.143,-0.039,0.805
3136798000000,icub,0.09,0.01,0.63
3136816000000,cam,0.143,-0.081,0.809
3136848000000,icub,0.09,-0.01,0.63
3136866000000,cam,0.141,-0.1,0.798
3136898000000,icub,0.09,-0.01,0.63
3136916000000,cam,0.145,-0.143,0.829
3136949000000,icub,0.09,-0.03,0.63
3136966000000,cam,0.14,-0.157,0.808
3136999000000,icub,0.09,-0.05,0.63
3137016000000,cam,0.137,-0.174,0.803
3137049000000,icub,0.09,-0.05,0.63
3137066000000,cam,0.135,-0.189,0.802
3137099000000,icub,0.09,-0.07,0.63
3137116000000,cam,0.133,-0.204,0.802
3137149000000,icub,0.08,-0.11,0.63
3137166000000,cam,0.124,-0.236,0.789
3137199000000,icub,0.08,-0.11,0.63
3137216000000,cam,0.122,-0.247,0.794
3137249000000,icub,0.08,-0.13,0.63
3137268000000,cam,0.116,-0.268,0.809
3137299000000,icub,0.08,-0.26,0.64
3137318000000,cam,0.109,-0.272,0.802
3137349000000,icub,0.08,-0.26,0.64
3137368000000,cam,0.105,-0.278,0.8
3137399000000,icub,0.08,-0.27,0.65
3137418000000,cam,0.084,-0.29,0.791
3137449000000,icub,0.08,-0.27,0.65
3137468000000,cam,0.077,-0.294,0.79
3137499000000,icub,0.08,-0.28,0.65
3137518000000,cam,0.071,-0.3,0.795
3137549000000,icub,0.09,-0.29,0.65
3137568000000,cam,0.061,-0.3,0.787
3137599000000,icub,0.09,-0.29,0.65
3137618000000,cam,0.038,-0.307,0.791
3137649000000,icub,0.09,-0.3,0.65
3137668000000,cam,0.029,-0.314,0.809
3137699000000,icub,0.09,-0.3,0.66
3137718000000,cam,0.021,-0.309,0.794
3137749000000,icub,0.09,-0.3,0.66
3137768000000,cam,0.004,-0.305,0.786
3137800000000,icub,0.12,-0.34,0.69
3137818000000,cam,-0.012,-0.3,0.782
3137850000000,icub,0.12,-0.34,0.69
3137871000000,cam,-0.019,-0.3,0.788
3137900000000,icub,0.13,-0.34,0.71
3137921000000,cam,-0.034,-0.29,0.78
3137950000000,icub,0.13,-0.34,0.71
3137971000000,cam,-0.041,-0.288,0.787
3138000000000,icub,0.13,-0.34,0.71
3138023000000,cam,-0.049,-0.285,0.793
3138050000000,icub,0.14,-0.34,0.72
3138073000000,cam,-0.054,-0.275,0.778
3138100000000,icub,0.14,-0.34,0.72
3138123000000,cam,-0.065,-0.268,0.795
3138151000000,icub,0.15,-0.34,0.73
3138173000000,cam,-0.076,-0.256,0.804
3138201000000,icub,0.15,-0.34,0.73
3138223000000,cam,-0.078,-0.243,0.794
3138251000000,icub,0.16,-0.35,0.73
3138273000000,cam,-0.085,-0.222,0.801
3138301000000,icub,0.19,-0.31,0.76
3138329000000,cam,-0.087,-0.206,0.788
3138351000000,icub,0.2,-0.31,0.76
3138379000000,cam,-0.094,-0.179,0.805
3138401000000,icub,0.2,-0.31,0.76
3138435000000,cam,-0.099,-0.143,0.8
3138451000000,icub,0.2,-0.3,0.76
3138485000000,cam,-0.105,-0.107,0.825
3138501000000,icub,0.21,-0.29,0.77
3138535000000,cam,-0.107,-0.086,0.82
3138551000000,icub,0.21,-0.29,0.77
3138585000000,cam,-0.107,-0.042,0.801
3138601000000,icub,0.21,-0.27,0.77
3138635000000,cam,-0.107,-0.042,0.801
3138651000000,icub,0.21,-0.27,0.77
3138685000000,cam,-0.112,-0.001,0.824
3138701000000,icub,0.22,-0.25,0.77
3138735000000,cam,-0.11,0.021,0.807
3138751000000,icub,0.22,-0.24,0.77
3138785000000,cam,-0.114,0.043,0.834
3138801000000,icub,0.23,-0.08,0.78
3138835000000,cam,-0.114,0.065,0.833
3138851000000,icub,0.23,-0.08,0.78
3138885000000,cam,-0.111,0.125,0.823
3138901000000,icub,0.23,-0.03,0.78
3138935000000,cam,-0.108,0.142,0.805
3138951000000,icub,0.23,-0.01,0.78
3138985000000,cam,-0.105,0.158,0.798
3139001000000,icub,0.23,-0.01,0.78
3139035000000,cam,-0.105,0.197,0.826
3139051000000,icub,0.23,0.01,0.78
3139085000000,cam,-0.1,0.206,0.798
3139101000000,icub,0.23,0.01,0.78
3139135000000,cam,-0.099,0.22,0.802
3139151000000,icub,0.23,0.03,0.78
3139185000000,cam,-0.097,0.234,0.806
3139201000000,icub,0.23,0.03,0.78
3139235000000,cam,-0.093,0.243,0.805
3139251000000,icub,0.23,0.05,0.78
3139285000000,cam,-0.088,0.248,0.793
3139301000000,icub,0.21,0.22,0.77
3139335000000,cam,-0.086,0.258,0.8
3139351000000,icub,0.2,0.22,0.76
3139385000000,cam,-0.07,0.275,0.79
3139401000000,icub,0.2,0.22,0.76
3139435000000,cam,-0.064,0.279,0.786
3139451000000,icub,0.2,0.22,0.76
3139485000000,cam,-0.051,0.293,0.795
3139501000000,icub,0.2,0.23,0.76
3139535000000,cam,-0.036,0.299,0.789
3139551000000,icub,0.2,0.23,0.76
3139585000000,cam,-0.029,0.305,0.799
3139601000000,icub,0.19,0.24,0.76
3139635000000,cam,-0.012,0.31,0.801
3139651000000,icub,0.19,0.25,0.75
3139685000000,cam,-0.005,0.306,0.788
3139701000000,icub,0.19,0.25,0.75
3139735000000,cam,0.013,0.308,0.789
3139751000000,icub,0.18,0.25,0.75
3139785000000,cam,0.021,0.305,0.784
3139801000000,icub,0.15,0.28,0.72
3139835000000,cam,0.038,0.303,0.787
3139851000000,icub,0.15,0.28,0.72
3139885000000,cam,0.046,0.305,0.798
3139901000000,icub,0.15,0.28,0.72
3139935000000,cam,0.054,0.302,0.798
3139951000000,icub,0.14,0.28,0.72
3139985000000,cam,0.068,0.292,0.789
3140001000000,icub,0.14,0.28,0.72
3140035000000,cam,0.076,0.293,0.804
3140051000000,icub,0.13,0.28,0.71
3140085000000,cam,0.083,0.286,0.8
3140101000000,icub,0.13,0.28,0.71
3140135000000,cam,0.1,0.267,0.802
3140151000000,icub,0.13,0.28,0.7
3140185000000,cam,0.105,0.26,0.804
3140201000000,icub,0.13,0.28,0.7
3140235000000,cam,0.106,0.246,0.786
3140251000000,icub,0.13,0.28,0.69
3140285000000,cam,0.116,0.214,0.786
3140301000000,icub,0.09,0.23,0.65
3140335000000,cam,0.116,0.214,0.786
3140351000000,icub,0.09,0.22,0.65
3140385000000,cam,0.121,0.205,0.805
3140401000000,icub,0.09,0.22,0.65
3140435000000,cam,0.131,0.18,0.829
3140451000000,icub,0.09,0.21,0.64
3140485000000,cam,0.133,0.14,0.811
3140501000000,icub,0.09,0.19,0.64
3140535000000,cam,0.134,0.121,0.811
3140551000000,icub,0.09,0.19,0.64
3140586000000,cam,0.139,0.081,0.814
3140601000000,icub,0.09,0.19,0.64
3140636000000,cam,0.142,0.06,0.826
3140651000000,icub,0.09,0.19,0.64
3140686000000,cam,0.145,0.018,0.824
3140701000000,icub,0.09,0.18,0.64
3140736000000,cam,0.142,-0.004,0.808
3140751000000,icub,0.09,0.18,0.64
3140786000000,cam,0.143,-0.047,0.81
3140801000000,icub,0.09,-0.02,0.63
3140839000000,cam,0.142,-0.067,0.803
3140851000000,icub,0.09,-0.04,0.63
3140889000000,cam,0.141,-0.106,0.799
3140901000000,icub,0.09,-0.04,0.63
3140939000000,cam,0.144,-0.129,0.82
3140951000000,icub,0.09,-0.06,0.63
3140989000000,cam,0.143,-0.168,0.829
3141001000000,icub,0.09,-0.06,0.63
3141039000000,cam,0.137,-0.179,0.804
3141051000000,icub,0.09,-0.08,0.63
3141089000000,cam,0.133,-0.21,0.803
3141101000000,icub,0.09,-0.08,0.63
3141139000000,cam,0.128,-0.218,0.79
3141151000000,icub,0.09,-0.1,0.63
3141189000000,cam,0.128,-0.233,0.802
3141201000000,icub,0.09,-0.1,0.63
3141239000000,cam,0.125,-0.244,0.807
3141251000000,icub,0.08,-0.12,0.63
3141289000000,cam,0.116,-0.254,0.783
3141301000000,icub,0.08,-0.27,0.65
3141339000000,cam,0.111,-0.262,0.786
3141352000000,icub,0.08,-0.28,0.65
3141389000000,cam,0.111,-0.262,0.786
3141402000000,icub,0.09,-0.29,0.65
3141439000000,cam,0.101,-0.275,0.784
3141452000000,icub,0.09,-0.29,0.65
3141489000000,cam,0.087,-0.284,0.783
3141502000000,icub,0.09,-0.3,0.65
3141539000000,cam,0.082,-0.291,0.79
3141552000000,icub,0.09,-0.3,0.65
3141589000000,cam,0.075,-0.302,0.807
3141602000000,icub,0.09,-0.3,0.65
3141639000000,cam,0.066,-0.296,0.781
3141652000000,icub,0.09,-0.3,0.65
3141689000000,cam,0.042,-0.304,0.787
3141702000000,icub,0.09,-0.3,0.66
3141739000000,cam,0.035,-0.314,0.808
3141754000000,icub,0.09,-0.3,0.66
3141789000000,cam,0.026,-0.302,0.775
3141804000000,icub,0.13,-0.35,0.71
3141843000000,cam,0.009,-0.307,0.792
3141854000000,icub,0.13,-0.34,0.71
3141893000000,cam,0.002,-0.308,0.796
3141904000000,icub,0.13,-0.34,0.71
3141943000000,cam,-0.007,-0.3,0.777
3141954000000,icub,0.13,-0.34,0.71
3141993000000,cam,-0.03,-0.291,0.776
3142004000000,icub,0.13,-0.34,0.71
3142043000000,cam,-0.037,-0.29,0.783
3142054000000,icub,0.14,-0.34,0.72
3142093000000,cam,-0.044,-0.289,0.795
3142104000000,icub,0.14,-0.34,0.72
3142143000000,cam,-0.063,-0.274,0.801
3142154000000,icub,0.15,-0.35,0.72
3142193000000,cam,-0.067,-0.265,0.792
3142204000000,icub,0.15,-0.35,0.72
3142243000000,cam,-0.075,-0.247,0.785
3142254000000,icub,0.15,-0.34,0.73
3142293000000,cam,-0.081,-0.245,0.811
3142304000000,icub,0.21,-0.3,0.77
3142343000000,cam,-0.084,-0.231,0.802
3142354000000,icub,0.21,-0.29,0.77
3142393000000,cam,-0.088,-0.22,0.809
3142404000000,icub,0.21,-0.29,0.77
3142443000000,cam,-0.093,-0.189,0.805
3142454000000,icub,0.21,-0.27,0.77
3142493000000,cam,-0.095,-0.173,0.801
3142504000000,icub,0.21,-0.26,0.77
3142543000000,cam,-0.099,-0.157,0.815
3142554000000,icub,0.21,-0.26,0.77
3142593000000,cam,-0.1,-0.116,0.793
3142604000000,icub,0.21,-0.24,0.77
3142643000000,cam,-0.106,-0.101,0.827
3142654000000,icub,0.21,-0.24,0.77
3142693000000,cam,-0.106,-0.078,0.815
3142704000000,icub,0.22,-0.23,0.77
3142743000000,cam,-0.109,-0.014,0.805
3142754000000,icub,0.22,-0.23,0.77
3142793000000,cam,-0.112,0.007,0.827
3142804000000,icub,0.23,-0.05,0.78
3142843000000,cam,-0.113,0.029,0.832
3142854000000,icub,0.23,-0.03,0.78
3142893000000,cam,-0.111,0.05,0.81
3142904000000,icub,0.23,-0.03,0.78
3142943000000,cam,-0.11,0.09,0.805
3142955000000,icub,0.23,-0.01,0.78
3142993000000,cam,-0.11,0.131,0.815
3143005000000,icub,0.23,-0.01,0.78
3143043000000,cam,-0.107,0.147,0.8
3143055000000,icub,0.23,0.02,0.78
3143093000000,cam,-0.105,0.164,0.796
3143105000000,icub,0.23,0.02,0.78
3143143000000,cam,-0.106,0.185,0.817
3143155000000,icub,0.23,0.04,0.78
3143193000000,cam,-0.103,0.2,0.814
3143205000000,icub,0.23,0.06,0.78
3143243000000,cam,-0.097,0.223,0.798
3143255000000,icub,0.23,0.06,0.78
3143293000000,cam,-0.094,0.233,0.791
3143305000000,icub,0.21,0.2,0.77
3143343000000,cam,-0.087,0.249,0.787
3143355000000,icub,0.21,0.21,0.77
3143393000000,cam,-0.084,0.26,0.8
3143405000000,icub,0.21,0.21,0.77
3143443000000,cam,-0.075,0.274,0.8
3143455000000,icub,0.2,0.23,0.76
3143493000000,cam,-0.068,0.28,0.799
3143506000000,icub,0.2,0.23,0.76
3143543000000,cam,-0.063,0.286,0.801
3143556000000,icub,0.2,0.23,0.76
3143593000000,cam,-0.055,0.292,0.8
3143606000000,icub,0.2,0.23,0.76
3143643000000,cam,-0.048,0.292,0.79
3143656000000,icub,0.2,0.23,0.76
3143694000000,cam,-0.033,0.305,0.802
3143706000000,icub,0.19,0.25,0.76
3143744000000,cam,-0.025,0.298,0.778
3143757000000,icub,0.19,0.25,0.76
3143794000000,cam,-0.018,0.309,0.802
3143807000000,icub,0.15,0.28,0.72
3143844000000,cam,-0.009,0.308,0.793
3143857000000,icub,0.15,0.28,0.72
3143894000000,cam,0.007,0.306,0.786
3143907000000,icub,0.15,0.28,0.72
3143944000000,cam,0.025,0.309,0.794
3143957000000,icub,0.14,0.28,0.71
3143994000000,cam,0.04,0.301,0.784
3144007000000,icub,0.13,0.28,0.71
3144044000000,cam,0.048,0.298,0.784
3144057000000,icub,0.13,0.28,0.71
3144094000000,cam,0.064,0.297,0.798
3144107000000,icub,0.13,0.28,0.7
3144144000000,cam,0.07,0.285,0.777
3144157000000,icub,0.13,0.28,0.7
3144194000000,cam,0.078,0.289,0.798
3144207000000,icub,0.13,0.28,0.69
3144244000000,cam,0.091,0.278,0.799
3144259000000,icub,0.13,0.28,0.69
3144296000000,cam,0.094,0.265,0.782
3144309000000,icub,0.09,0.24,0.65
3144346000000,cam,0.106,0.257,0.802
3144359000000,icub,0.09,0.24,0.65
3144396000000,cam,0.109,0.249,0.803
3144409000000,icub,0.09,0.23,0.65
3144446000000,cam,0.121,0.216,0.807
3144459000000,icub,0.09,0.23,0.65
3144496000000,cam,0.123,0.201,0.808
3144509000000,icub,0.09,0.22,0.64
3144546000000,cam,0.123,0.181,0.789
3144559000000,icub,0.09,0.22,0.64
3144596000000,cam,0.132,0.173,0.83
3144609000000,icub,0.09,0.21,0.64
3144646000000,cam,0.13,0.13,0.789
3144659000000,icub,0.09,0.19,0.64
3144696000000,cam,0.136,0.072,0.794
3144709000000,icub,0.09,0.19,0.64
3144746000000,cam,0.143,0.054,0.83
3144763000000,icub,0.09,0.17,0.64
3144796000000,cam,0.142,0.032,0.818
3144813000000,icub,0.09,0.02,0.63
3144846000000,cam,0.143,-0.011,0.813
3144863000000,icub,0.09,0.02,0.63
3144896000000,cam,0.143,-0.033,0.807
3144913000000,icub,0.09,0.0,0.63
3144946000000,cam,0.141,-0.053,0.798
3144963000000,icub,0.09,0.0,0.63
3144996000000,cam,0.141,-0.094,0.794
3145013000000,icub,0.09,-0.04,0.63
3145046000000,cam,0.143,-0.115,0.811
3145063000000,icub,0.09,-0.07,0.63
3145096000000,cam,0.139,-0.169,0.808
3145113000000,icub,0.09,-0.07,0.63
3145146000000,cam,0.136,-0.184,0.805
3145163000000,icub,0.09,-0.09,0.63
3145196000000,cam,0.131,-0.213,0.799
3145213000000,icub,0.09,-0.09,0.63
3145246000000,cam,0.131,-0.229,0.813
3145263000000,icub,0.09,-0.13,0.63
3145296000000,cam,0.127,-0.238,0.803
3145313000000,icub,0.08,-0.25,0.64
3145346000000,cam,0.12,-0.254,0.8
3145363000000,icub,0.08,-0.25,0.64
3145397000000,cam,0.116,-0.262,0.8
3145413000000,icub,0.08,-0.27,0.65
3145447000000,cam,0.106,-0.273,0.794
3145463000000,icub,0.08,-0.27,0.65
3145497000000,cam,0.094,-0.285,0.794
3145513000000,icub,0.08,-0.28,0.65
3145547000000,cam,0.087,-0.294,0.804
3145563000000,icub,0.08,-0.28,0.65
3145597000000,cam,0.064,-0.303,0.797
3145613000000,icub,0.08,-0.29,0.65
3145647000000,cam,0.056,-0.3,0.782
3145663000000,icub,0.09,-0.3,0.66
3145697000000,cam,0.049,-0.305,0.789
3145713000000,icub,0.09,-0.3,0.66
3145747000000,cam,0.024,-0.308,0.791
3145763000000,icub,0.09,-0.31,0.66
3145797000000,cam,0.015,-0.301,0.774
3145813000000,icub,0.12,-0.34,0.69
3145847000000,cam,0.006,-0.31,0.8
3145863000000,icub,0.12,-0.34,0.69
3145897000000,cam,-0.002,-0.302,0.779
3145913000000,icub,0.13,-0.34,0.71
3145947000000,cam,-0.017,-0.293,0.767
3145963000000,icub,0.13,-0.34,0.71
3145997000000,cam,-0.033,-0.298,0.8
3146013000000,icub,0.13,-0.34,0.71
3146047000000,cam,-0.046,-0.283,0.785
3146063000000,icub,0.14,-0.34,0.72
3146099000000,cam,-0.053,-0.279,0.785
3146113000000,icub,0.14,-0.34,0.72
3146149000000,cam,-0.063,-0.266,0.785
3146163000000,icub,0.14,-0.34,0.72
3146199000000,cam,-0.07,-0.268,0.808
3146213000000,icub,0.15,-0.35,0.72
3146249000000,cam,-0.077,-0.249,0.802
3146263000000,icub,0.15,-0.35,0.72
3146299000000,cam,-0.083,-0.222,0.787
3146313000000,icub,0.2,-0.32,0.76
3146349000000,cam,-0.088,-0.213,0.802
3146363000000,icub,0.2,-0.31,0.76
3146399000000,cam,-0.096,-0.168,0.808
3146413000000,icub,0.2,-0.31,0.76
3146449000000,cam,-0.1,-0.151,0.813
3146463000000,icub,0.2,-0.3,0.77
3146499000000,cam,-0.099,-0.128,0.793
3146513000000,icub,0.2,-0.3,0.77
3146549000000,cam,-0.103,-0.112,0.816
3146563000000,icub,0.21,-0.29,0.77
3146599000000,cam,-0.107,-0.071,0.813
3146613000000,icub,0.21,-0.27,0.77
3146649000000,cam,-0.106,-0.049,0.8
3146663000000,icub,0.21,-0.27,0.77
3146699000000,cam,-0.111,-0.007,0.825
3146713000000,icub,0.22,-0.26,0.77
3146749000000,cam,-0.111,0.014,0.812
3146763000000,icub,0.22,-0.26,0.77
3146801000000,cam,-0.113,0.079,0.825
3146813000000,icub,0.23,-0.09,0.78
3146851000000,cam,-0.11,0.098,0.806
3146863000000,icub,0.23,-0.07,0.78
3146902000000,cam,-0.108,0.136,0.804
3146913000000,icub,0.23,-0.07,0.78
3146958000000,cam,-0.106,0.154,0.8
3146963000000,icub,0.23,-0.04,0.78
3147008000000,cam,-0.105,0.19,0.816
3147013000000,icub,0.23,-0.04,0.78
3147058000000,cam,-0.098,0.213,0.791
3147063000000,icub,0.23,-0.02,0.78
3147111000000,cam,-0.098,0.213,0.791
3147114000000,icub,0.23,-0.02,0.78
3147161000000,cam,-0.097,0.227,0.797
3147164000000,icub,0.23,0.02,0.78
3147211000000,cam,-0.089,0.246,0.795
3147214000000,icub,0.23,0.05,0.78
3147261000000,cam,-0.088,0.259,0.81
3147264000000,icub,0.23,0.05,0.78
3147311000000,cam,-0.082,0.262,0.794
3147315000000,icub,0.2,0.21,0.77
3147361000000,cam,-0.076,0.266,0.787
3147365000000,icub,0.2,0.22,0.76
3147411000000,cam,-0.073,0.279,0.804
3147415000000,icub,0.2,0.22,0.76
3147461000000,cam,-0.061,0.29,0.802
3147465000000,icub,0.2,0.23,0.76
3147511000000,cam,-0.052,0.288,0.787
3147515000000,icub,0.2,0.23,0.76
3147561000000,cam,-0.046,0.298,0.799
3147565000000,icub,0.2,0.24,0.76
3147611000000,cam,-0.039,0.302,0.8
3147615000000,icub,0.2,0.25,0.76
3147661000000,cam,-0.023,0.304,0.791
3147665000000,icub,0.2,0.25,0.76
3147711000000,cam,-0.015,0.307,0.797
3147715000000,icub,0.19,0.25,0.75
3147761000000,cam,-0.006,0.31,0.799
3147765000000,icub,0.19,0.25,0.75
3147811000000,cam,0.003,0.303,0.781
3147815000000,icub,0.14,0.28,0.71
3147861000000,cam,0.018,0.306,0.786
3147865000000,icub,0.14,0.28,0.71
3147911000000,cam,0.027,0.303,0.783
3147915000000,icub,0.13,0.28,0.71
3147961000000,cam,0.036,0.311,0.805
3147965000000,icub,0.13,0.28,0.71
3148011000000,cam,0.043,0.297,0.774
3148015000000,icub,0.13,0.28,0.7
3148061000000,cam,0.06,0.302,0.803
3148065000000,icub,0.13,0.28,0.7
3148111000000,cam,0.066,0.293,0.788
3148115000000,icub,0.13,0.28,0.7
3148161000000,cam,0.081,0.29,0.805
3148165000000,icub,0.13,0.28,0.69
3148211000000,cam,0.081,0.29,0.805
3148215000000,icub,0.13,0.28,0.69
3148261000000,cam,0.093,0.277,0.803
3148265000000,icub,0.13,0.28,0.69
3148311000000,cam,0.098,0.269,0.801
3148315000000,icub,0.09,0.22,0.65
3148361000000,cam,0.101,0.258,0.788
3148365000000,icub,0.09,0.22,0.65
3148411000000,cam,0.11,0.246,0.803
3148415000000,icub,0.09,0.21,0.64
3148461000000,cam,0.111,0.229,0.783
3148466000000,icub,0.09,0.2,0.64
3148511000000,cam,0.117,0.222,0.801
3148516000000,icub,0.09,0.2,0.64
3148561000000,cam,0.12,0.209,0.803
3148566000000,icub,0.09,0.19,0.64
3148611000000,cam,0.123,0.194,0.799
3148616000000,icub,0.09,0.19,0.64
3148661000000,cam,0.132,0.166,0.822
3148666000000,icub,0.09,0.18,0.64
3148711000000,cam,0.129,0.142,0.792
3148716000000,icub,0.09,0.18,0.64
3148761000000,cam,0.133,0.126,0.808
3148766000000,icub,0.09,0.17,0.64
3148811000000,cam,0.135,0.107,0.809
3148816000000,icub,0.09,0.01,0.63
3148861000000,cam,0.135,0.085,0.793
3148866000000,icub,0.09,-0.03,0.63
3148911000000,cam,0.139,0.065,0.802
3148916000000,icub,0.09,-0.03,0.63
3148961000000,cam,0.144,0.047,0.835
3148966000000,icub,0.09,-0.05,0.63
3149011000000,cam,0.142,0.002,0.81
3149016000000,icub,0.09,-0.05,0.63
3149061000000,cam,0.144,-0.04,0.808
3149066000000,icub,0.09,-0.08,0.63
3149111000000,cam,0.142,-0.06,0.8
3149116000000,icub,0.09,-0.1,0.63
3149161000000,cam,0.144,-0.082,0.811
3149166000000,icub,0.09,-0.1,0.63
3149211000000,cam,0.143,-0.123,0.817
3149216000000,icub,0.09,-0.12,0.63
3149261000000,cam,0.144,-0.144,0.827
3149266000000,icub,0.09,-0.12,0.63
3149311000000,cam,0.135,-0.172,0.787
3149316000000,icub,0.08,-0.26,0.64
3149361000000,cam,0.136,-0.19,0.804
3149366000000,icub,0.08,-0.27,0.65
3149411000000,cam,0.129,-0.215,0.792
3149416000000,icub,0.08,-0.27,0.65
3149461000000,cam,0.13,-0.231,0.808
3149466000000,icub,0.08,-0.28,0.65
3149511000000,cam,0.123,-0.236,0.79
3149516000000,icub,0.08,-0.28,0.65
3149561000000,cam,0.116,-0.269,0.812
3149567000000,icub,0.09,-0.3,0.65
3149611000000,cam,0.107,-0.266,0.784
3149617000000,icub,0.09,-0.3,0.65
3149661000000,cam,0.107,-0.286,0.825
3149667000000,icub,0.09,-0.3,0.66
3149711000000,cam,0.092,-0.291,0.801
3149717000000,icub,0.09,-0.3,0.66
3149761000000,cam,0.084,-0.291,0.793
3149767000000,icub,0.09,-0.3,0.66
3149811000000,cam,0.06,-0.293,0.769
3149817000000,icub,0.12,-0.34,0.69
3149861000000,cam,0.054,-0.301,0.784
3149867000000,icub,0.12,-0.34,0.69
3149911000000,cam,0.046,-0.309,0.798
3149917000000,icub,0.12,-0.34,0.69
3149961000000,cam,0.028,-0.309,0.792
3149967000000,icub,0.13,-0.34,0.71
3150011000000,cam,0.012,-0.314,0.81
3150017000000,icub,0.13,-0.34,0.71
3150061000000,cam,-0.005,-0.306,0.793
3150067000000,icub,0.14,-0.34,0.72
3150111000000,cam,-0.012,-0.299,0.781
3150117000000,icub,0.14,-0.34,0.72
3150161000000,cam,-0.028,-0.299,0.793
3150167000000,icub,0.14,-0.34,0.72
3150211000000,cam,-0.041,-0.288,0.787
3150217000000,icub,0.15,-0.34,0.73
3150261000000,cam,-0.049,-0.285,0.792
3150267000000,icub,0.15,-0.34,0.73
3150311000000,cam,-0.055,-0.281,0.798
3150317000000,icub,0.21,-0.29,0.77
3150361000000,cam,-0.07,-0.257,0.785
3150367000000,icub,0.21,-0.29,0.77
3150411000000,cam,-0.078,-0.241,0.791
3150417000000,icub,0.21,-0.28,0.77
3150461000000,cam,-0.081,-0.231,0.788
3150467000000,icub,0.21,-0.27,0.77
3150511000000,cam,-0.089,-0.211,0.808
3150518000000,icub,0.21,-0.27,0.77
3150561000000,cam,-0.092,-0.194,0.805
3150568000000,icub,0.22,-0.25,0.77
3150611000000,cam,-0.097,-0.16,0.806
3150618000000,icub,0.22,-0.25,0.77
3150661000000,cam,-0.098,-0.14,0.789
3150668000000,icub,0.22,-0.25,0.77
3150711000000,cam,-0.105,-0.106,0.821
3150718000000,icub,0.22,-0.24,0.77
3150761000000,cam,-0.106,-0.063,0.808
3150768000000,icub,0.22,-0.24,0.77
3150811000000,cam,-0.109,-0.042,0.821
3150818000000,icub,0.23,-0.01,0.78
3150861000000,cam,-0.112,0.001,0.827
3150868000000,icub,0.23,0.01,0.78
3150912000000,cam,-0.112,0.043,0.816
3150918000000,icub,0.23,0.01,0.78
3150963000000,cam,-0.112,0.043,0.816
3150968000000,icub,0.23,0.01,0.78
3151014000000,cam,-0.111,0.085,0.808
3151018000000,icub,0.23,0.01,0.78
3151064000000,cam,-0.113,0.108,0.828
3151068000000,icub,0.23,0.03,0.78
3151114000000,cam,-0.11,0.125,0.812
3151119000000,icub,0.23,0.03,0.78
3151164000000,cam,-0.106,0.159,0.8
3151169000000,icub,0.23,0.05,0.78
3151214000000,cam,-0.104,0.175,0.794
3151219000000,icub,0.23,0.05,0.78
3151264000000,cam,-0.105,0.197,0.819
3151269000000,icub,0.23,0.07,0.78
3151314000000,cam,-0.1,0.205,0.795
3151319000000,icub,0.21,0.22,0.77
3151364000000,cam,-0.096,0.233,0.801
3151369000000,icub,0.2,0.22,0.76
3151414000000,cam,-0.093,0.243,0.804
3151419000000,icub,0.2,0.22,0.76
3151464000000,cam,-0.088,0.248,0.792
3151469000000,icub,0.2,0.23,0.76
3151514000000,cam,-0.086,0.258,0.798
3151519000000,icub,0.2,0.24,0.76
3151564000000,cam,-0.075,0.269,0.789
3151569000000,icub,0.2,0.24,0.76
3151614000000,cam,-0.063,0.278,0.783
3151619000000,icub,0.19,0.24,0.76
3151664000000,cam,-0.051,0.291,0.789
3151669000000,icub,0.19,0.24,0.76
3151714000000,cam,-0.042,0.293,0.785
3151719000000,icub,0.19,0.25,0.75
3151764000000,cam,-0.028,0.304,0.797
3151769000000,icub,0.19,0.25,0.75
3151814000000,cam,-0.02,0.304,0.79
3151819000000,icub,0.14,0.28,0.71
3151864000000,cam,-0.012,0.31,0.8
3151869000000,icub,0.13,0.28,0.71
3151914000000,cam,-0.004,0.304,0.782
3151919000000,icub,0.13,0.28,0.71
3151964000000,cam,0.013,0.305,0.782
3151969000000,icub,0.13,0.28,0.7
3152014000000,cam,0.021,0.305,0.783
3152019000000,icub,0.13,0.28,0.7
3152064000000,cam,0.03,0.31,0.801
3152069000000,icub,0.13,0.28,0.69
3152114000000,cam,0.038,0.302,0.785
3152119000000,icub,0.13,0.28,0.69
3152164000000,cam,0.046,0.303,0.794
3152169000000,icub,0.13,0.28,0.69
3152214000000,cam,0.061,0.293,0.783
3152219000000,icub,0.13,0.28,0.69
3152264000000,cam,0.068,0.291,0.788
3152269000000,icub,0.13,0.28,0.69
3152314000000,cam,0.068,0.291,0.788
3152319000000,icub,0.09,0.23,0.65
3152364000000,cam,0.083,0.284,0.796
3152369000000,icub,0.09,0.23,0.65
3152414000000,cam,0.089,0.278,0.794
3152419000000,icub,0.09,0.23,0.65
3152464000000,cam,0.095,0.272,0.795
3152469000000,icub,0.09,0.22,0.65
3152514000000,cam,0.1,0.267,0.802
3152519000000,icub,0.09,0.2,0.64
3152564000000,cam,0.106,0.246,0.785
3152569000000,icub,0.09,0.2,0.64
3152614000000,cam,0.116,0.233,0.807
3152619000000,icub,0.09,0.19,0.64
3152664000000,cam,0.116,0.213,0.786
3152669000000,icub,0.09,0.19,0.64
3152714000000,cam,0.123,0.186,0.79
3152719000000,icub,0.09,0.18,0.64
3152764000000,cam,0.128,0.154,0.793
3152769000000,icub,0.09,0.16,0.64
3152814000000,cam,0.129,0.135,0.787
3152819000000,icub,0.09,0.0,0.63
3152864000000,cam,0.135,0.12,0.812
3152869000000,icub,0.09,-0.02,0.63
3152914000000,cam,0.136,0.078,0.793
3152919000000,icub,0.09,-0.02,0.63
3152965000000,cam,0.142,0.038,0.818
3152969000000,icub,0.09,-0.04,0.63
3153017000000,cam,0.141,0.016,0.802
3153019000000,icub,0.09,-0.04,0.63
3153067000000,cam,0.144,-0.005,0.816
3153069000000,icub,0.09,-0.08,0.63
3153117000000,cam,0.144,-0.048,0.813
3153119000000,icub,0.09,-0.1,0.63
3153167000000,cam,0.143,-0.069,0.808
3153169000000,icub,0.09,-0.1,0.63
3153217000000,cam,0.144,-0.131,0.821
3153219000000,icub,0.09,-0.12,0.63
3153267000000,cam,0.144,-0.15,0.828
3153269000000,icub,0.09,-0.12,0.63
3153317000000,cam,0.14,-0.165,0.81
3153319000000,icub,0.08,-0.27,0.65
3153367000000,cam,0.138,-0.181,0.808
3153369000000,icub,0.08,-0.27,0.65
3153417000000,cam,0.129,-0.206,0.785
3153419000000,icub,0.08,-0.28,0.65
3153467000000,cam,0.128,-0.219,0.79
3153469000000,icub,0.08,-0.29,0.65
3153517000000,cam,0.123,-0.24,0.789
3153521000000,icub,0.08,-0.29,0.65
3153567000000,cam,0.122,-0.255,0.81
3153571000000,icub,0.09,-0.3,0.65
3153617000000,cam,0.118,-0.262,0.808
3153621000000,icub,0.09,-0.3,0.65
3153667000000,cam,0.11,-0.262,0.785
3153671000000,icub,0.09,-0.3,0.66
3153718000000,cam,0.101,-0.276,0.787
3153721000000,icub,0.09,-0.3,0.66
3153768000000,cam,0.088,-0.286,0.788
3153771000000,icub,0.09,-0.31,0.66
3153818000000,cam,0.075,-0.304,0.812
3153821000000,icub,0.12,-0.34,0.69
3153868000000,cam,0.067,-0.297,0.782
3153872000000,icub,0.12,-0.34,0.69
3153918000000,cam,0.058,-0.299,0.781
3153922000000,icub,0.13,-0.34,0.71
3153968000000,cam,0.051,-0.308,0.801
3153972000000,icub,0.14,-0.35,0.71
3154018000000,cam,0.026,-0.302,0.774
3154022000000,icub,0.14,-0.35,0.71
3154068000000,cam,0.017,-0.307,0.788
3154072000000,icub,0.14,-0.34,0.72
3154118000000,cam,0.009,-0.308,0.794
3154122000000,icub,0.14,-0.34,0.72
3154168000000,cam,-0.007,-0.3,0.778
3154172000000,icub,0.15,-0.35,0.72
3154218000000,cam,-0.023,-0.294,0.778
3154223000000,icub,0.16,-0.35,0.73
3154268000000,cam,-0.03,-0.29,0.773
3154273000000,icub,0.16,-0.35,0.73
3154318000000,cam,-0.045,-0.29,0.797
3154323000000,icub,0.21,-0.3,0.77
3154368000000,cam,-0.052,-0.285,0.798
3154373000000,icub,0.21,-0.3,0.77
3154418000000,cam,-0.064,-0.274,0.802
3154423000000,icub,0.21,-0.29,0.77
3154468000000,cam,-0.073,-0.259,0.8
3154473000000,icub,0.21,-0.29,0.77
3154518000000,cam,-0.075,-0.246,0.784
3154523000000,icub,0.21,-0.27,0.77
3154568000000,cam,-0.081,-0.243,0.809
3154573000000,icub,0.21,-0.26,0.77
3154618000000,cam,-0.087,-0.219,0.805
3154623000000,icub,0.21,-0.26,0.77
3154668000000,cam,-0.088,-0.2,0.789
3154673000000,icub,0.22,-0.25,0.77
3154718000000,cam,-0.094,-0.189,0.808
3154723000000,icub,0.22,-0.25,0.77
3154768000000,cam,-0.095,-0.171,0.796
3154773000000,icub,0.22,-0.23,0.77
3154818000000,cam,-0.099,-0.134,0.792
3154823000000,icub,0.23,0.0,0.78
3154868000000,cam,-0.103,-0.118,0.811
3154873000000,icub,0.23,0.0,0.78
3154918000000,cam,-0.106,-0.098,0.819
3154923000000,icub,0.23,0.02,0.78
3154968000000,cam,-0.106,-0.055,0.8
3154973000000,icub,0.23,0.02,0.78
3155018000000,cam,-0.106,-0.055,0.8
3155024000000,icub,0.23,0.04,0.78
3155068000000,cam,-0.111,-0.013,0.822
3155074000000,icub,0.23,0.04,0.78
3155118000000,cam,-0.111,0.008,0.816
3155124000000,icub,0.23,0.06,0.78
3155168000000,cam,-0.111,0.051,0.811
3155174000000,icub,0.23,0.06,0.78
3155218000000,cam,-0.114,0.074,0.83
3155224000000,icub,0.23,0.06,0.78
3155268000000,cam,-0.109,0.091,0.802
3155274000000,icub,0.23,0.08,0.78
3155318000000,cam,-0.109,0.091,0.802
3155324000000,icub,0.21,0.21,0.77
3155368000000,cam,-0.112,0.115,0.827
3155374000000,icub,0.2,0.22,0.76
3155418000000,cam,-0.107,0.148,0.8
3155424000000,icub,0.2,0.24,0.76
3155468000000,cam,-0.105,0.166,0.797
3155474000000,icub,0.2,0.24,0.76
3155518000000,cam,-0.103,0.2,0.809
3155524000000,icub,0.2,0.24,0.76
3155568000000,cam,-0.097,0.224,0.797
3155574000000,icub,0.2,0.24,0.76
3155618000000,cam,-0.092,0.247,0.805
3155624000000,icub,0.19,0.25,0.76
3155668000000,cam,-0.08,0.271,0.805
3155674000000,icub,0.19,0.26,0.75
3155718000000,cam,-0.074,0.274,0.798
3155724000000,icub,0.19,0.26,0.75
3155768000000,cam,-0.068,0.281,0.798
3155774000000,icub,0.18,0.26,0.75
3155818000000,cam,-0.055,0.291,0.799
3155824000000,icub,0.14,0.28,0.71
3155868000000,cam,-0.047,0.292,0.788
3155874000000,icub,0.14,0.28,0.71
3155918000000,cam,-0.042,0.3,0.801
3155924000000,icub,0.14,0.28,0.71
3155968000000,cam,-0.033,0.305,0.803
3155974000000,icub,0.13,0.28,0.71
3156018000000,cam,-0.025,0.298,0.778
3156024000000,icub,0.13,0.28,0.71
3156068000000,cam,-0.009,0.307,0.79
3156074000000,icub,0.13,0.28,0.7
3156118000000,cam,0.007,0.303,0.777
3156124000000,icub,0.13,0.28,0.69
3156168000000,cam,0.017,0.313,0.804
3156174000000,icub,0.13,0.28,0.69
3156218000000,cam,0.025,0.306,0.789
3156224000000,icub,0.12,0.28,0.68
3156268000000,cam,0.04,0.301,0.785
3156274000000,icub,0.13,0.28,0.67
3156318000000,cam,0.058,0.305,0.809
3156324000000,icub,0.09,0.23,0.65
3156368000000,cam,0.065,0.297,0.799
3156374000000,icub,0.09,0.22,0.65
3156418000000,cam,0.071,0.286,0.78
3156424000000,icub,0.09,0.22,0.65
3156469000000,cam,0.083,0.276,0.779
3156476000000,icub,0.09,0.22,0.64
3156519000000,cam,0.095,0.266,0.784
3156526000000,icub,0.09,0.21,0.64
3156569000000,cam,0.1,0.26,0.787
3156576000000,icub,0.09,0.21,0.64
3156619000000,cam,0.11,0.25,0.807
3156626000000,icub,0.09,0.2,0.64
3156669000000,cam,0.113,0.237,0.799
3156676000000,icub,0.09,0.2,0.64
3156719000000,cam,0.115,0.223,0.79
3156726000000,icub,0.09,0.17,0.64
3156769000000,cam,0.123,0.2,0.806
3156776000000,icub,0.09,0.15,0.63
3156819000000,cam,0.123,0.179,0.788
3156826000000,icub,0.09,0.02,0.63
3156869000000,cam,0.129,0.168,0.81
3156876000000,icub,0.09,0.02,0.63
3156919000000,cam,0.136,0.113,0.813
3156926000000,icub,0.09,0.0,0.63
3156969000000,cam,0.138,0.094,0.813
3156976000000,icub,0.09,-0.03,0.63
3157019000000,cam,0.14,0.051,0.811
3157026000000,icub,0.09,-0.03,0.63
3157069000000,cam,0.144,0.031,0.826
3157076000000,icub,0.09,-0.05,0.63
3157119000000,cam,0.141,0.009,0.806
3157126000000,icub,0.09,-0.05,0.63
3157169000000,cam,0.144,-0.013,0.815
3157176000000,icub,0.09,-0.09,0.63
3157219000000,cam,0.142,-0.055,0.802
3157226000000,icub,0.09,-0.09,0.63
3157269000000,cam,0.143,-0.076,0.81
3157276000000,icub,0.09,-0.11,0.63
3157319000000,cam,0.144,-0.137,0.823
3157326000000,icub,0.08,-0.25,0.64
3157369000000,cam,0.14,-0.153,0.806
3157376000000,icub,0.08,-0.26,0.64
3157419000000,cam,0.135,-0.167,0.791
3157426000000,icub,0.08,-0.26,0.64
3157469000000,cam,0.134,-0.201,0.806
3157476000000,icub,0.08,-0.27,0.65
3157519000000,cam,0.129,-0.21,0.784
3157526000000,icub,0.08,-0.28,0.65
3157569000000,cam,0.128,-0.224,0.793
3157576000000,icub,0.08,-0.28,0.65
3157619000000,cam,0.123,-0.245,0.796
3157626000000,icub,0.09,-0.3,0.65
3157669000000,cam,0.117,-0.249,0.782
3157676000000,icub,0.09,-0.3,0.65
3157719000000,cam,0.106,-0.276,0.798
3157726000000,icub,0.09,-0.3,0.66
3157769000000,cam,0.1,-0.282,0.801
3157776000000,icub,0.1,-0.31,0.66
3157819000000,cam,0.094,-0.288,0.799
3157826000000,icub,0.13,-0.34,0.71
3157869000000,cam,0.078,-0.29,0.782
3157876000000,icub,0.14,-0.34,0.72
3157919000000,cam,0.071,-0.294,0.781
3157926000000,icub,0.14,-0.34,0.72
3157969000000,cam,0.064,-0.305,0.801
3157976000000,icub,0.15,-0.35,0.72
3158019000000,cam,0.04,-0.312,0.804
3158026000000,icub,0.15,-0.35,0.72
3158069000000,cam,0.031,-0.309,0.795
3158076000000,icub,0.15,-0.35,0.72
3158119000000,cam,0.023,-0.31,0.794
3158126000000,icub,0.16,-0.35,0.73
3158169000000,cam,0.015,-0.302,0.775
3158176000000,icub,0.16,-0.35,0.73
3158219000000,cam,0.006,-0.312,0.804
3158226000000,icub,0.16,-0.34,0.73
3158269000000,cam,-0.01,-0.305,0.793
3158276000000,icub,0.17,-0.34,0.74
3158319000000,cam,-0.018,-0.293,0.767
3158326000000,icub,0.2,-0.3,0.76
3158369000000,cam,-0.026,-0.296,0.783
3158376000000,icub,0.21,-0.29,0.77
3158419000000,cam,-0.041,-0.293,0.797
3158426000000,icub,0.21,-0.29,0.77
3158471000000,cam,-0.047,-0.284,0.786
3158476000000,icub,0.21,-0.28,0.77
3158521000000,cam,-0.053,-0.279,0.786
3158526000000,icub,0.21,-0.28,0.77
3158571000000,cam,-0.063,-0.265,0.782
3158576000000,icub,0.21,-0.27,0.77
3158621000000,cam,-0.074,-0.255,0.797
3158626000000,icub,0.21,-0.27,0.77
3158671000000,cam,-0.077,-0.247,0.797
3158678000000,icub,0.22,-0.26,0.77
3158721000000,cam,-0.085,-0.228,0.808
3158728000000,icub,0.22,-0.24,0.77
3158771000000,cam,-0.087,-0.21,0.791
3158778000000,icub,0.22,-0.24,0.77
3158821000000,cam,-0.088,-0.195,0.787
3158828000000,icub,0.23,-0.07,0.78
3158871000000,cam,-0.095,-0.165,0.8
3158878000000,icub,0.23,-0.04,0.78
3158921000000,cam,-0.099,-0.128,0.793
3158928000000,icub,0.23,-0.04,0.78
3158971000000,cam,-0.104,-0.112,0.821
3158978000000,icub,0.23,-0.02,0.78
3159021000000,cam,-0.107,-0.069,0.812
3159028000000,icub,0.23,0.0,0.78
3159071000000,cam,-0.107,-0.048,0.801
3159078000000,icub,0.23,0.0,0.78
3159121000000,cam,-0.109,-0.028,0.811
3159128000000,icub,0.23,0.02,0.78
3159171000000,cam,-0.112,-0.005,0.828
3159178000000,icub,0.23,0.02,0.78
3159221000000,cam,-0.113,0.038,0.829
3159228000000,icub,0.23,0.07,0.78
3159271000000,cam,-0.114,0.06,0.833
3159278000000,icub,0.23,0.07,0.78
3159321000000,cam,-0.113,0.102,0.831
3159328000000,icub,0.21,0.19,0.77
3159371000000,cam,-0.11,0.12,0.815
3159378000000,icub,0.21,0.21,0.77
3159421000000,cam,-0.107,0.176,0.815
3159428000000,icub,0.21,0.21,0.77
3159471000000,cam,-0.103,0.19,0.806
3159478000000,icub,0.2,0.22,0.76
3159521000000,cam,-0.102,0.204,0.807
3159528000000,icub,0.2,0.24,0.76
3159571000000,cam,-0.098,0.214,0.79
3159580000000,icub,0.2,0.24,0.76
3159621000000,cam,-0.088,0.246,0.792
3159630000000,icub,0.19,0.24,0.76
3159671000000,cam,-0.082,0.262,0.792
3159680000000,icub,0.19,0.24,0.76
3159721000000,cam,-0.076,0.266,0.784
3159730000000,icub,0.19,0.25,0.75
3159771000000,cam,-0.073,0.279,0.801
3159780000000,icub,0.19,0.25,0.75
3159821000000,cam,-0.066,0.282,0.796
3159832000000,icub,0.15,0.28,0.72
3159871000000,cam,-0.052,0.288,0.785
3159882000000,icub,0.14,0.28,0.71
3159921000000,cam,-0.038,0.3,0.796
3159932000000,icub,0.14,0.28,0.71
3159971000000,cam,-0.038,0.3,0.796
3159982000000,icub,0.13,0.28,0.71
3160021000000,cam,-0.022,0.303,0.788
3160032000000,icub,0.13,0.28,0.71
3160071000000,cam,-0.015,0.307,0.794
3160082000000,icub,0.13,0.28,0.7
3160121000000,cam,0.003,0.301,0.776
3160132000000,icub,0.13,0.28,0.69
3160171000000,cam,0.011,0.313,0.803
3160182000000,icub,0.13,0.28,0.69
3160221000000,cam,0.037,0.311,0.805
3160232000000,icub,0.12,0.28,0.68
3160271000000,cam,0.037,0.311,0.805
3160282000000,icub,0.12,0.28,0.68
3160321000000,cam,0.052,0.303,0.799
3160335000000,icub,0.09,0.22,0.65
3160371000000,cam,0.059,0.292,0.777
3160386000000,icub,0.09,0.21,0.64
3160421000000,cam,0.066,0.291,0.786
3160436000000,icub,0.09,0.2,0.64
3160471000000,cam,0.081,0.288,0.803
3160486000000,icub,0.09,0.2,0.64
3160521000000,cam,0.093,0.276,0.802
3160536000000,icub,0.09,0.19,0.64
3160571000000,cam,0.098,0.269,0.801
3160586000000,icub,0.09,0.19,0.64
3160621000000,cam,0.105,0.249,0.785
3160636000000,icub,0.09,0.18,0.64
3160671000000,cam,0.111,0.245,0.803
3160686000000,icub,0.09,0.18,0.64
3160721000000,cam,0.117,0.22,0.798
3160736000000,icub,0.09,0.17,0.64
3160771000000,cam,0.118,0.204,0.788
3160786000000,icub,0.09,0.15,0.63
3160821000000,cam,0.125,0.175,0.788
3160836000000,icub,0.09,-0.03,0.63
3160871000000,cam,0.129,0.161,0.804
3160886000000,icub,0.09,-0.03,0.63
3160921000000,cam,0.129,0.141,0.791
3160936000000,icub,0.09,-0.05,0.63
3160971000000,cam,0.136,0.107,0.812
3160986000000,icub,0.09,-0.05,0.63
3161021000000,cam,0.135,0.084,0.792
3161036000000,icub,0.09,-0.08,0.63
3161071000000,cam,0.14,0.044,0.81
3161086000000,icub,0.09,-0.08,0.63
3161121000000,cam,0.145,0.023,0.828
3161136000000,icub,0.09,-0.1,0.63
3161171000000,cam,0.143,0.001,0.815
3161186000000,icub,0.09,-0.12,0.63
3161221000000,cam,0.144,-0.042,0.814
3161236000000,icub,0.09,-0.12,0.63
3161273000000,cam,0.143,-0.063,0.807
3161286000000,icub,0.08,-0.14,0.63
3161323000000,cam,0.141,-0.082,0.794
3161338000000,icub,0.08,-0.28,0.65
3161373000000,cam,0.143,-0.124,0.818
3161388000000,icub,0.09,-0.29,0.65
3161423000000,cam,0.134,-0.207,0.806
3161438000000,icub,0.09,-0.29,0.65
3161473000000,cam,0.13,-0.217,0.797
3161488000000,icub,0.09,-0.3,0.65
3161523000000,cam,0.131,-0.235,0.817
3161538000000,icub,0.09,-0.3,0.66
3161573000000,cam,0.121,-0.247,0.795
3161588000000,icub,0.09,-0.3,0.66
3161623000000,cam,0.117,-0.254,0.788
3161640000000,icub,0.09,-0.3,0.66
3161673000000,cam,0.111,-0.257,0.775
3161690000000,icub,0.09,-0.3,0.66
3161723000000,cam,0.104,-0.278,0.802
3161740000000,icub,0.1,-0.31,0.66
3161773000000,cam,0.095,-0.277,0.781
3161790000000,icub,0.1,-0.31,0.66
3161823000000,cam,0.089,-0.282,0.782
3161840000000,icub,0.13,-0.34,0.71
3161873000000,cam,0.084,-0.293,0.798
3161890000000,icub,0.13,-0.34,0.71
3161923000000,cam,0.061,-0.301,0.79
3161940000000,icub,0.13,-0.34,0.71
3161973000000,cam,0.053,-0.303,0.788
3161990000000,icub,0.13,-0.34,0.71
3162023000000,cam,0.037,-0.308,0.792
3162040000000,icub,0.14,-0.34,0.72
3162073000000,cam,0.028,-0.31,0.795
3162090000000,icub,0.15,-0.34,0.73
3162123000000,cam,0.02,-0.309,0.795
3162140000000,icub,0.15,-0.34,0.73
3162173000000,cam,0.011,-0.315,0.812
3162190000000,icub,0.16,-0.34,0.73
3162223000000,cam,-0.006,-0.307,0.796
3162241000000,icub,0.16,-0.34,0.73
3162273000000,cam,-0.021,-0.301,0.794
3162291000000,icub,0.16,-0.34,0.74
3162323000000,cam,-0.029,-0.299,0.796
3162341000000,icub,0.2,-0.3,0.76
3162373000000,cam,-0.035,-0.289,0.78
3162391000000,icub,0.2,-0.3,0.76
3162423000000,cam,-0.042,-0.289,0.789
3162441000000,icub,0.2,-0.29,0.77
3162473000000,cam,-0.05,-0.285,0.795
3162491000000,icub,0.2,-0.29,0.77
3162523000000,cam,-0.062,-0.275,0.799
3162541000000,icub,0.21,-0.29,0.77
3162573000000,cam,-0.07,-0.256,0.786
3162591000000,icub,0.21,-0.28,0.77
3162623000000,cam,-0.078,-0.259,0.817
3162641000000,icub,0.21,-0.28,0.77
3162673000000,cam,-0.077,-0.24,0.788
3162691000000,icub,0.22,-0.25,0.77
3162723000000,cam,-0.081,-0.23,0.787
3162741000000,icub,0.22,-0.25,0.77
3162773000000,cam,-0.088,-0.208,0.802
3162791000000,icub,0.22,-0.24,0.77
3162823000000,cam,-0.097,-0.159,0.802
3162841000000,icub,0.23,-0.06,0.78
3162873000000,cam,-0.098,-0.139,0.793
3162891000000,icub,0.23,-0.03,0.78
3162923000000,cam,-0.105,-0.105,0.819
3162941000000,icub,0.23,-0.03,0.78
3162973000000,cam,-0.109,-0.085,0.835
3162991000000,icub,0.23,-0.01,0.78
3163024000000,cam,-0.106,-0.062,0.804
3163041000000,icub,0.23,-0.01,0.78
3163075000000,cam,-0.108,-0.019,0.802
3163091000000,icub,0.23,0.01,0.78
3163125000000,cam,-0.114,0.024,0.832
3163141000000,icub,0.23,0.03,0.78
3163175000000,cam,-0.111,0.044,0.808
3163191000000,icub,0.23,0.03,0.78
3163225000000,cam,-0.114,0.067,0.832
3163241000000,icub,0.23,0.07,0.78
3163275000000,cam,-0.113,0.109,0.831
3163291000000,icub,0.23,0.07,0.78
3163325000000,cam,-0.108,0.125,0.798
3163341000000,icub,0.21,0.19,0.77
3163375000000,cam,-0.107,0.143,0.798
3163391000000,icub,0.21,0.21,0.77
3163425000000,cam,-0.106,0.18,0.811
3163441000000,icub,0.21,0.21,0.77
3163475000000,cam,-0.103,0.194,0.803
3163491000000,icub,0.2,0.22,0.76
3163526000000,cam,-0.1,0.224,0.816
3163541000000,icub,0.2,0.23,0.76
3163576000000,cam,-0.088,0.249,0.791
3163591000000,icub,0.2,0.23,0.76
3163626000000,cam,-0.085,0.258,0.796
3163641000000,icub,0.2,0.24,0.76
3163676000000,cam,-0.075,0.269,0.787
3163691000000,icub,0.2,0.24,0.76
3163726000000,cam,-0.065,0.286,0.804
3163741000000,icub,0.19,0.25,0.76
3163776000000,cam,-0.058,0.293,0.804
3163791000000,icub,0.18,0.26,0.75
3163826000000,cam,-0.049,0.289,0.783
3163841000000,icub,0.14,0.28,0.71
3163876000000,cam,-0.042,0.292,0.782
3163891000000,icub,0.14,0.28,0.71
3163926000000,cam,-0.027,0.302,0.791
3163941000000,icub,0.14,0.28,0.71
3163976000000,cam,-0.011,0.31,0.801
3163991000000,icub,0.13,0.28,0.71
3164026000000,cam,-0.004,0.304,0.781
3164041000000,icub,0.13,0.28,0.71
3164076000000,cam,0.014,0.303,0.776
3164091000000,icub,0.13,0.28,0.69
3164126000000,cam,0.031,0.309,0.8
3164141000000,icub,0.13,0.28,0.69
3164176000000,cam,0.038,0.302,0.785
3164191000000,icub,0.13,0.28,0.69
3164226000000,cam,0.047,0.303,0.793
3164241000000,icub,0.12,0.28,0.68
3164276000000,cam,0.061,0.293,0.783
3164291000000,icub,0.12,0.28,0.68
3164326000000,cam,0.069,0.29,0.788
3164341000000,icub,0.09,0.22,0.64
3164376000000,cam,0.077,0.29,0.799
3164391000000,icub,0.09,0.21,0.64
3164426000000,cam,0.088,0.277,0.793
3164441000000,icub,0.09,0.21,0.64
3164476000000,cam,0.095,0.271,0.796
3164492000000,icub,0.09,0.2,0.64
3164526000000,cam,0.097,0.259,0.779
3164542000000,icub,0.09,0.2,0.64
3164576000000,cam,0.106,0.259,0.804
3164592000000,icub,0.09,0.19,0.64
3164626000000,cam,0.11,0.237,0.789
3164642000000,icub,0.09,0.18,0.64
3164676000000,cam,0.116,0.231,0.805
3164692000000,icub,0.09,0.18,0.64
3164726000000,cam,0.124,0.207,0.817
3164742000000,icub,0.09,0.16,0.64
3164776000000,cam,0.123,0.186,0.793
3164792000000,icub,0.09,0.16,0.64
3164826000000,cam,0.128,0.174,0.81
3164842000000,icub,0.09,-0.02,0.63
3164876000000,cam,0.129,0.134,0.789
3164892000000,icub,0.09,-0.02,0.63
3164926000000,cam,0.136,0.119,0.816
3164942000000,icub,0.09,-0.04,0.63
3164976000000,cam,0.137,0.099,0.812
3164992000000,icub,0.09,-0.04,0.63
3165026000000,cam,0.137,0.077,0.801
3165042000000,icub,0.09,-0.06,0.63
3165076000000,cam,0.14,0.057,0.809
3165092000000,icub,0.09,-0.08,0.63
3165126000000,cam,0.144,-0.006,0.815
3165142000000,icub,0.09,-0.08,0.63
3165176000000,cam,0.143,-0.028,0.808
3165192000000,icub,0.08,-0.12,0.63
3165226000000,cam,0.142,-0.048,0.797
3165242000000,icub,0.08,-0.12,0.63
3165276000000,cam,0.144,-0.111,0.814
3165292000000,icub,0.08,-0.14,0.63
3165326000000,cam,0.14,-0.128,0.799
3165342000000,icub,0.08,-0.27,0.65
3165376000000,cam,0.139,-0.147,0.803
3165392000000,icub,0.08,-0.28,0.65
3165426000000,cam,0.134,-0.178,0.791
3165442000000,icub,0.08,-0.28,0.65
3165476000000,cam,0.136,-0.199,0.815
3165492000000,icub,0.09,-0.29,0.65
3165526000000,cam,0.129,-0.22,0.791
3165542000000,icub,0.09,-0.29,0.65
3165576000000,cam,0.128,-0.236,0.807
3165592000000,icub,0.09,-0.3,0.65
3165626000000,cam,0.122,-0.24,0.791
3165642000000,icub,0.09,-0.3,0.66
3165676000000,cam,0.116,-0.258,0.793
3165692000000,icub,0.09,-0.3,0.66
3165726000000,cam,0.111,-0.263,0.788
3165742000000,icub,0.09,-0.31,0.66
3165776000000,cam,0.101,-0.277,0.787
3165792000000,icub,0.1,-0.31,0.66
3165826000000,cam,0.095,-0.282,0.789
3165842000000,icub,0.13,-0.34,0.71
3165876000000,cam,0.082,-0.295,0.799
3165892000000,icub,0.13,-0.34,0.71
3165926000000,cam,0.076,-0.305,0.814
3165942000000,icub,0.14,-0.35,0.72
3165976000000,cam,0.066,-0.298,0.785
3165992000000,icub,0.14,-0.35,0.72
3166026000000,cam,0.049,-0.3,0.78
3166042000000,icub,0.14,-0.34,0.72
3166076000000,cam,0.033,-0.306,0.79
3166092000000,icub,0.14,-0.34,0.72
3166126000000,cam,0.025,-0.301,0.772
3166142000000,icub,0.15,-0.35,0.72
3166176000000,cam,0.008,-0.308,0.794
3166192000000,icub,0.15,-0.34,0.73
3166226000000,cam,0.0,-0.31,0.798
3166242000000,icub,0.15,-0.34,0.73
3166276000000,cam,-0.008,-0.301,0.781
3166292000000,icub,0.16,-0.34,0.73
3166326000000,cam,-0.024,-0.294,0.777
3166342000000,icub,0.21,-0.29,0.77
3166376000000,cam,-0.031,-0.296,0.792
3166392000000,icub,0.21,-0.27,0.77
3166426000000,cam,-0.045,-0.29,0.798
3166442000000,icub,0.21,-0.27,0.77
3166476000000,cam,-0.051,-0.278,0.78
3166492000000,icub,0.22,-0.26,0.77
3166526000000,cam,-0.064,-0.274,0.803
3166542000000,icub,0.22,-0.26,0.77
3166576000000,cam,-0.068,-0.267,0.8
3166592000000,icub,0.22,-0.25,0.77
3166626000000,cam,-0.073,-0.258,0.801
3166642000000,icub,0.22,-0.25,0.77
3166676000000,cam,-0.081,-0.241,0.805
3166692000000,icub,0.22,-0.25,0.77
3166726000000,cam,-0.083,-0.227,0.795
3166742000000,icub,0.22,-0.25,0.77
3166776000000,cam,-0.09,-0.204,0.805
3166792000000,icub,0.22,-0.23,0.77
3166826000000,cam,-0.094,-0.188,0.81
3166842000000,icub,0.23,-0.07,0.78
3166876000000,cam,-0.098,-0.153,0.803
3166893000000,icub,0.23,-0.07,0.78
3166926000000,cam,-0.103,-0.118,0.816
3166943000000,icub,0.23,-0.05,0.78
3166976000000,cam,-0.103,-0.118,0.816
3166993000000,icub,0.23,-0.03,0.78
3167026000000,cam,-0.105,-0.096,0.811
3167043000000,icub,0.23,-0.03,0.78
3167076000000,cam,-0.106,-0.076,0.812
3167093000000,icub,0.23,0.02,0.78
3167126000000,cam,-0.109,-0.033,0.812
3167143000000,icub,0.23,0.02,0.78
3167176000000,cam,-0.109,0.01,0.804
3167193000000,icub,0.23,0.04,0.78
3167226000000,cam,-0.114,0.054,0.833
3167243000000,icub,0.23,0.04,0.78
3167276000000,cam,-0.111,0.073,0.81
3167293000000,icub,0.23,0.06,0.78
3167326000000,cam,-0.107,0.131,0.798
3167343000000,icub,0.21,0.21,0.77
3167376000000,cam,-0.109,0.153,0.817
3167394000000,icub,0.2,0.22,0.76
3167426000000,cam,-0.108,0.191,0.83
3167444000000,icub,0.2,0.22,0.76
3167476000000,cam,-0.099,0.212,0.795
3167494000000,icub,0.2,0.24,0.76
3167526000000,cam,-0.092,0.232,0.786
3167544000000,icub,0.2,0.24,0.76
3167576000000,cam,-0.091,0.246,0.8
3167594000000,icub,0.19,0.24,0.76
3167626000000,cam,-0.079,0.269,0.799
3167644000000,icub,0.19,0.24,0.76
3167676000000,cam,-0.068,0.281,0.797
3167694000000,icub,0.19,0.26,0.75
3167726000000,cam,-0.062,0.286,0.795
3167744000000,icub,0.19,0.26,0.75
3167776000000,cam,-0.055,0.29,0.796
3167794000000,icub,0.18,0.26,0.75
3167826000000,cam,-0.032,0.304,0.801
3167844000000,icub,0.14,0.28,0.71
3167876000000,cam,-0.024,0.298,0.777
3167895000000,icub,0.14,0.28,0.71
3167926000000,cam,-0.017,0.308,0.801
3167945000000,icub,0.14,0.28,0.71
3167976000000,cam,-0.0,0.312,0.801
3167995000000,icub,0.14,0.28,0.71
3168026000000,cam,0.017,0.311,0.801
3168045000000,icub,0.13,0.28,0.7
3168076000000,cam,0.033,0.302,0.781
3168095000000,icub,0.13,0.28,0.7
3168126000000,cam,0.041,0.3,0.783
3168145000000,icub,0.13,0.28,0.69
3168177000000,cam,0.058,0.306,0.81
3168195000000,icub,0.13,0.28,0.69
3168227000000,cam,0.071,0.286,0.783
3168245000000,icub,0.13,0.28,0.69
3168277000000,cam,0.077,0.283,0.783
3168295000000,icub,0.13,0.28,0.67
3168327000000,cam,0.091,0.279,0.803
3168345000000,icub,0.09,0.22,0.65
3168377000000,cam,0.095,0.264,0.782
3168396000000,icub,0.09,0.21,0.64
3168427000000,cam,0.095,0.264,0.782
3168446000000,icub,0.09,0.21,0.64
3168477000000,cam,0.106,0.255,0.801
3168496000000,icub,0.09,0.21,0.64
3168528000000,cam,0.111,0.232,0.783
3168546000000,icub,0.09,0.21,0.64
3168578000000,cam,0.111,0.232,0.783
3168596000000,icub,0.09,0.18,0.64
3168628000000,cam,0.124,0.199,0.808
3168646000000,icub,0.09,0.17,0.64
3168678000000,cam,0.124,0.179,0.79
3168696000000,icub,0.09,0.17,0.64
3168728000000,cam,0.128,0.146,0.79
3168746000000,icub,0.09,0.15,0.63
3168778000000,cam,0.13,0.128,0.793
3168797000000,icub,0.09,0.15,0.63
3168828000000,cam,0.134,0.09,0.794
3168848000000,icub,0.09,-0.07,0.63
3168878000000,cam,0.145,0.029,0.83
3168898000000,icub,0.09,-0.07,0.63
3168928000000,cam,0.145,0.029,0.83
3168948000000,icub,0.09,-0.09,0.63
3168978000000,cam,0.143,0.007,0.813
3168998000000,icub,0.09,-0.11,0.63
3169028000000,cam,0.144,-0.035,0.811
3169048000000,icub,0.09,-0.11,0.63
3169078000000,cam,0.143,-0.057,0.807
3169098000000,icub,0.08,-0.13,0.63
3169128000000,cam,0.143,-0.097,0.806
3169148000000,icub,0.08,-0.13,0.63
3169178000000,cam,0.144,-0.118,0.815
3169198000000,icub,0.08,-0.15,0.64
3169228000000,cam,0.14,-0.135,0.802
3169248000000,icub,0.08,-0.15,0.64
3169278000000,cam,0.14,-0.154,0.808
3169298000000,icub,0.08,-0.17,0.64
3169328000000,cam,0.135,-0.168,0.792
3169350000000,icub,0.09,-0.29,0.65
3169378000000,cam,0.137,-0.189,0.814
3169400000000,icub,0.09,-0.29,0.65
3169430000000,cam,0.137,-0.206,0.822
3169450000000,icub,0.09,-0.29,0.65
3169480000000,cam,0.128,-0.225,0.794
3169500000000,icub,0.09,-0.29,0.65
3169530000000,cam,0.124,-0.233,0.785
3169550000000,icub,0.09,-0.3,0.65
3169580000000,cam,0.123,-0.247,0.8
3169600000000,icub,0.09,-0.3,0.65
3169630000000,cam,0.117,-0.25,0.784
3169651000000,icub,0.09,-0.3,0.66
3169680000000,cam,0.111,-0.271,0.805
3169701000000,icub,0.09,-0.3,0.66
3169730000000,cam,0.107,-0.279,0.805
3169751000000,icub,0.1,-0.31,0.66
3169780000000,cam,0.098,-0.278,0.786
3169801000000,icub,0.1,-0.31,0.66
3169830000000,cam,0.092,-0.284,0.788
3169851000000,icub,0.14,-0.34,0.72
3169880000000,cam,0.084,-0.288,0.785
3169901000000,icub,0.15,-0.35,0.72
3169930000000,cam,0.071,-0.294,0.78
3169951000000,icub,0.15,-0.35,0.72
3169980000000,cam,0.055,-0.299,0.781
3170001000000,icub,0.16,-0.35,0.73
3170030000000,cam,0.031,-0.309,0.795
3170051000000,icub,0.16,-0.35,0.73
3170080000000,cam,0.014,-0.301,0.773
3170101000000,icub,0.16,-0.35,0.73
3170130000000,cam,0.005,-0.313,0.805
3170151000000,icub,0.16,-0.35,0.73
3170180000000,cam,-0.003,-0.301,0.781
3170201000000,icub,0.16,-0.34,0.73
3170230000000,cam,-0.01,-0.307,0.798
3170251000000,icub,0.16,-0.34,0.73
3170280000000,cam,-0.019,-0.299,0.785
3170301000000,icub,0.17,-0.34,0.74
3170330000000,cam,-0.026,-0.296,0.781
3170351000000,icub,0.21,-0.29,0.77
3170380000000,cam,-0.04,-0.285,0.774
3170401000000,icub,0.21,-0.28,0.77
3170430000000,cam,-0.047,-0.283,0.784
3170451000000,icub,0.21,-0.28,0.77
3170480000000,cam,-0.053,-0.278,0.784
3170501000000,icub,0.22,-0.26,0.77
3170530000000,cam,-0.059,-0.272,0.784
3170551000000,icub,0.22,-0.26,0.77
3170580000000,cam,-0.069,-0.258,0.782
3170601000000,icub,0.22,-0.24,0.77
3170630000000,cam,-0.075,-0.255,0.798
3170651000000,icub,0.22,-0.24,0.77
3170680000000,cam,-0.077,-0.246,0.798
3170701000000,icub,0.22,-0.22,0.77
3170730000000,cam,-0.082,-0.239,0.807
3170751000000,icub,0.22,-0.22,0.77
3170780000000,cam,-0.086,-0.207,0.783
3170801000000,icub,0.22,-0.2,0.77
3170830000000,cam,-0.093,-0.179,0.791
3170851000000,icub,0.23,-0.04,0.78
3170880000000,cam,-0.095,-0.162,0.796
3170901000000,icub,0.23,-0.02,0.78
3170930000000,cam,-0.1,-0.148,0.811
3170951000000,icub,0.23,-0.02,0.78
3170981000000,cam,-0.102,-0.129,0.813
3171001000000,icub,0.23,0.01,0.78
3171031000000,cam,-0.108,-0.091,0.835
3171051000000,icub,0.23,0.01,0.78
3171081000000,cam,-0.106,-0.069,0.806
3171101000000,icub,0.23,0.03,0.78
3171131000000,cam,-0.11,-0.048,0.819
3171151000000,icub,0.23,0.03,0.78
3171182000000,cam,-0.113,0.017,0.832
3171201000000,icub,0.23,0.05,0.78
3171232000000,cam,-0.112,0.039,0.812
3171251000000,icub,0.23,0.07,0.78
3171282000000,cam,-0.11,0.08,0.806
3171301000000,icub,0.23,0.07,0.78
3171332000000,cam,-0.113,0.103,0.83
3171351000000,icub,0.2,0.23,0.76
3171382000000,cam,-0.108,0.158,0.811
3171401000000,icub,0.2,0.24,0.76
3171432000000,cam,-0.107,0.176,0.812
3171451000000,icub,0.2,0.24,0.76
3171482000000,cam,-0.102,0.19,0.802
3171501000000,icub,0.19,0.24,0.76
3171534000000,cam,-0.095,0.226,0.789
3171551000000,icub,0.19,0.24,0.76
3171584000000,cam,-0.093,0.238,0.791
3171601000000,icub,0.19,0.25,0.75
3171634000000,cam,-0.088,0.244,0.785
3171651000000,icub,0.19,0.25,0.75
3171684000000,cam,-0.088,0.259,0.805
3171701000000,icub,0.18,0.25,0.75
3171734000000,cam,-0.075,0.264,0.779
3171751000000,icub,0.18,0.25,0.75
3171784000000,cam,-0.072,0.278,0.798
3171801000000,icub,0.18,0.26,0.75
3171834000000,cam,-0.065,0.282,0.795
3171851000000,icub,0.13,0.28,0.71
3171885000000,cam,-0.053,0.295,0.803
3171901000000,icub,0.13,0.28,0.7
3171935000000,cam,-0.045,0.298,0.798
3171951000000,icub,0.13,0.28,0.7
3171985000000,cam,-0.029,0.299,0.784
3172001000000,icub,0.13,0.28,0.7
3172035000000,cam,0.004,0.302,0.777
3172051000000,icub,0.13,0.28,0.7
3172085000000,cam,0.011,0.312,0.801
3172101000000,icub,0.13,0.28,0.69
3172135000000,cam,0.019,0.304,0.78
3172151000000,icub,0.12,0.28,0.68
3172185000000,cam,0.037,0.309,0.801
3172201000000,icub,0.12,0.28,0.68
3172235000000,cam,0.043,0.298,0.779
3172252000000,icub,0.12,0.28,0.68
3172286000000,cam,0.052,0.303,0.8
3172302000000,icub,0.12,0.28,0.68
3172336000000,cam,0.059,0.291,0.775
3172352000000,icub,0.09,0.23,0.65
3172386000000,cam,0.066,0.291,0.785
3172402000000,icub,0.09,0.22,0.65
3172436000000,cam,0.074,0.292,0.8
3172452000000,icub,0.09,0.21,0.64
3172486000000,cam,0.087,0.28,0.799
3172502000000,icub,0.09,0.21,0.64
3172536000000,cam,0.087,0.28,0.799
3172552000000,icub,0.09,0.2,0.64
3172586000000,cam,0.099,0.27,0.804
3172602000000,icub,0.09,0.2,0.64
3172636000000,cam,0.105,0.247,0.785
3172652000000,icub,0.09,0.19,0.64
3172686000000,cam,0.112,0.245,0.805
3172702000000,icub,0.09,0.18,0.64
3172738000000,cam,0.112,0.228,0.787
3172752000000,icub,0.09,0.18,0.64
3172788000000,cam,0.118,0.221,0.8
3172802000000,icub,0.09,0.15,0.63
3172838000000,cam,0.118,0.203,0.788
3172852000000,icub,0.09,-0.01,0.63
3172889000000,cam,0.129,0.16,0.805
3172902000000,icub,0.09,-0.03,0.63
3172939000000,cam,0.13,0.14,0.791
3172952000000,icub,0.09,-0.03,0.63
3172989000000,cam,0.135,0.125,0.815
3173002000000,icub,0.09,-0.06,0.63
3173039000000,cam,0.142,0.043,0.82
3173052000000,icub,0.09,-0.06,0.63
3173089000000,cam,0.141,0.021,0.802
3173102000000,icub,0.09,-0.08,0.63
3173139000000,cam,0.144,-0.0,0.814
3173152000000,icub,0.08,-0.12,0.63
3173189000000,cam,0.143,-0.022,0.81
3173202000000,icub,0.08,-0.12,0.63
3173239000000,cam,0.142,-0.042,0.8
3173252000000,icub,0.08,-0.14,0.63
3173289000000,cam,0.143,-0.105,0.813
3173302000000,icub,0.08,-0.14,0.63
3173339000000,cam,0.14,-0.122,0.798
3173352000000,icub,0.08,-0.27,0.65
3173389000000,cam,0.14,-0.141,0.804
3173402000000,icub,0.08,-0.28,0.65
3173439000000,cam,0.136,-0.157,0.792
3173452000000,icub,0.09,-0.3,0.65
3173489000000,cam,0.134,-0.209,0.811
3173502000000,icub,0.09,-0.3,0.65
3173539000000,cam,0.131,-0.22,0.804
3173552000000,icub,0.09,-0.3,0.66
3173589000000,cam,0.132,-0.237,0.821
3173602000000,icub,0.09,-0.3,0.66
3173639000000,cam,0.124,-0.238,0.792
3173652000000,icub,0.09,-0.3,0.66
3173689000000,cam,0.111,-0.259,0.779
3173702000000,icub,0.09,-0.3,0.66
3173739000000,cam,0.106,-0.267,0.785
3173752000000,icub,0.1,-0.31,0.66
3173789000000,cam,0.101,-0.272,0.783
3173802000000,icub,0.11,-0.32,0.67
3173839000000,cam,0.089,-0.282,0.782
3173852000000,icub,0.13,-0.34,0.71
3173889000000,cam,0.082,-0.288,0.782
3173902000000,icub,0.15,-0.35,0.72
3173939000000,cam,0.075,-0.295,0.792
3173952000000,icub,0.15,-0.35,0.72
3173989000000,cam,0.061,-0.302,0.792
3174002000000,icub,0.15,-0.34,0.73
3174039000000,cam,0.036,-0.308,0.793
3174052000000,icub,0.15,-0.34,0.73
3174090000000,cam,0.028,-0.311,0.797
3174102000000,icub,0.15,-0.34,0.73
3174140000000,cam,0.028,-0.311,0.797
3174152000000,icub,0.16,-0.34,0.73
3174190000000,cam,0.003,-0.307,0.791
3174202000000,icub,0.16,-0.34,0.73
3174240000000,cam,-0.006,-0.307,0.796
3174252000000,icub,0.16,-0.34,0.74
3174290000000,cam,-0.013,-0.299,0.781
3174303000000,icub,0.16,-0.34,0.74
3174340000000,cam,-0.021,-0.302,0.797
3174353000000,icub,0.2,-0.31,0.76
3174390000000,cam,-0.035,-0.289,0.78
3174403000000,icub,0.2,-0.3,0.76
3174440000000,cam,-0.043,-0.29,0.792
3174453000000,icub,0.21,-0.29,0.77
3174490000000,cam,-0.05,-0.285,0.796
3174503000000,icub,0.21,-0.29,0.77
3174540000000,cam,-0.062,-0.275,0.801
3174553000000,icub,0.21,-0.28,0.77
3174590000000,cam,-0.066,-0.266,0.793
3174603000000,icub,0.21,-0.28,0.77
3174640000000,cam,-0.07,-0.255,0.783
3174653000000,icub,0.21,-0.26,0.77
3174690000000,cam,-0.081,-0.229,0.786
3174703000000,icub,0.22,-0.25,0.77
3174740000000,cam,-0.086,-0.22,0.799
3174753000000,icub,0.22,-0.25,0.77
3174790000000,cam,-0.089,-0.206,0.798
3174803000000,icub,0.22,-0.22,0.77
3174840000000,cam,-0.093,-0.172,0.789
3174853000000,icub,0.23,-0.01,0.78
3174890000000,cam,-0.097,-0.158,0.8
3174903000000,icub,0.23,0.01,0.78
3174940000000,cam,-0.102,-0.122,0.809
3174953000000,icub,0.23,0.06,0.78
3174990000000,cam,-0.109,-0.083,0.831
3175003000000,icub,0.23,0.06,0.78
3175040000000,cam,-0.108,-0.04,0.812
3175053000000,icub,0.23,0.08,0.78
3175090000000,cam,-0.11,-0.019,0.822
3175103000000,icub,0.23,0.08,0.78
3175140000000,cam,-0.113,0.025,0.833
3175153000000,icub,0.23,0.08,0.78
3175192000000,cam,-0.114,0.047,0.831
3175203000000,icub,0.22,0.09,0.78
3175242000000,cam,-0.113,0.09,0.832
3175253000000,icub,0.22,0.09,0.78
3175293000000,cam,-0.111,0.109,0.815
3175303000000,icub,0.22,0.11,0.77
3175343000000,cam,-0.107,0.125,0.795
3175353000000,icub,0.2,0.23,0.76
3175393000000,cam,-0.109,0.147,0.814
3175403000000,icub,0.2,0.23,0.76
3175443000000,cam,-0.108,0.186,0.832
3175453000000,icub,0.2,0.24,0.76
3175493000000,cam,-0.102,0.194,0.799
3175503000000,icub,0.19,0.25,0.76
3175543000000,cam,-0.099,0.224,0.808
3175553000000,icub,0.19,0.25,0.76
3175593000000,cam,-0.095,0.249,0.821
3175603000000,icub,0.19,0.25,0.75
3175643000000,cam,-0.088,0.249,0.792
3175653000000,icub,0.19,0.25,0.75
3175693000000,cam,-0.082,0.272,0.812
3175703000000,icub,0.18,0.26,0.75
3175744000000,cam,-0.076,0.275,0.804
3175753000000,icub,0.18,0.26,0.75
3175794000000,cam,-0.065,0.287,0.804
3175803000000,icub,0.18,0.26,0.74
3175844000000,cam,-0.057,0.292,0.803
3175853000000,icub,0.13,0.28,0.71
3175894000000,cam,-0.042,0.293,0.783
3175903000000,icub,0.13,0.28,0.71
3175945000000,cam,-0.042,0.293,0.783
3175953000000,icub,0.13,0.28,0.7
3175995000000,cam,-0.019,0.302,0.785
3176003000000,icub,0.13,0.28,0.7
3176045000000,cam,-0.011,0.31,0.8
3176053000000,icub,0.13,0.28,0.69
3176095000000,cam,-0.003,0.304,0.782
3176103000000,icub,0.13,0.28,0.69
3176145000000,cam,0.014,0.303,0.777
3176153000000,icub,0.12,0.28,0.68
3176195000000,cam,0.023,0.312,0.801
3176203000000,icub,0.13,0.28,0.67
3176245000000,cam,0.038,0.295,0.766
3176253000000,icub,0.13,0.28,0.67
3176295000000,cam,0.047,0.301,0.791
3176303000000,icub,0.12,0.27,0.67
3176345000000,cam,0.063,0.299,0.801
3176353000000,icub,0.09,0.21,0.64
3176395000000,cam,0.07,0.29,0.787
3176403000000,icub,0.09,0.2,0.64
3176445000000,cam,0.076,0.289,0.797
3176453000000,icub,0.09,0.19,0.64
3176495000000,cam,0.098,0.259,0.779
3176503000000,icub,0.09,0.19,0.64
3176545000000,cam,0.098,0.259,0.779
3176553000000,icub,0.09,0.17,0.64
3176595000000,cam,0.107,0.247,0.792
3176603000000,icub,0.09,0.17,0.64
3176645000000,cam,0.111,0.238,0.792
3176653000000,icub,0.09,0.16,0.64
3176695000000,cam,0.116,0.23,0.804
3176703000000,icub,0.09,0.16,0.64
3176745000000,cam,0.122,0.203,0.804
3176753000000,icub,0.09,0.14,0.63
3176795000000,cam,0.124,0.187,0.801
3176803000000,icub,0.09,0.14,0.63
3176845000000,cam,0.128,0.172,0.807
3176853000000,icub,0.09,-0.04,0.63
3176895000000,cam,0.13,0.133,0.791
3176903000000,icub,0.09,-0.04,0.63
3176945000000,cam,0.137,0.119,0.822
3176953000000,icub,0.09,-0.06,0.63
3176995000000,cam,0.135,0.096,0.795
3177003000000,icub,0.09,-0.09,0.63
3177045000000,cam,0.138,0.077,0.806
3177053000000,icub,0.09,-0.09,0.63
3177095000000,cam,0.14,0.057,0.814
3177103000000,icub,0.09,-0.11,0.63
3177145000000,cam,0.143,0.013,0.814
3177153000000,icub,0.09,-0.11,0.63
3177195000000,cam,0.141,-0.007,0.801
3177203000000,icub,0.08,-0.13,0.63
3177245000000,cam,0.143,-0.029,0.808
3177253000000,icub,0.08,-0.13,0.63
3177295000000,cam,0.145,-0.072,0.814
3177303000000,icub,0.08,-0.14,0.64
3177345000000,cam,0.143,-0.092,0.808
3177353000000,icub,0.08,-0.27,0.65
3177395000000,cam,0.144,-0.112,0.817
3177403000000,icub,0.08,-0.28,0.65
3177445000000,cam,0.137,-0.164,0.794
3177453000000,icub,0.08,-0.28,0.65
3177495000000,cam,0.136,-0.2,0.818
3177503000000,icub,0.09,-0.29,0.65
3177545000000,cam,0.129,-0.222,0.793
3177553000000,icub,0.09,-0.3,0.65
3177595000000,cam,0.122,-0.241,0.791
3177603000000,icub,0.09,-0.3,0.65
3177645000000,cam,0.123,-0.257,0.814
3177653000000,icub,0.09,-0.3,0.66
3177695000000,cam,0.116,-0.259,0.794
3177703000000,icub,0.09,-0.3,0.66
3177745000000,cam,0.106,-0.271,0.79
3177753000000,icub,0.1,-0.31,0.66
3177795000000,cam,0.094,-0.283,0.789
3177803000000,icub,0.1,-0.31,0.66
3177845000000,cam,0.087,-0.289,0.792
3177853000000,icub,0.13,-0.34,0.71
3177895000000,cam,0.082,-0.296,0.8
3177903000000,icub,0.13,-0.34,0.71
3177945000000,cam,0.073,-0.297,0.793
3177953000000,icub,0.13,-0.34,0.71
3177995000000,cam,0.049,-0.301,0.78
3178003000000,icub,0.13,-0.34,0.72
3178045000000,cam,0.033,-0.306,0.789
3178053000000,icub,0.13,-0.34,0.72
3178095000000,cam,0.025,-0.301,0.771
3178103000000,icub,0.14,-0.34,0.72
3178145000000,cam,0.016,-0.303,0.776
3178153000000,icub,0.14,-0.34,0.72
3178195000000,cam,0.008,-0.307,0.792
3178203000000,icub,0.15,-0.34,0.73
3178245000000,cam,-0.008,-0.302,0.784
3178253000000,icub,0.15,-0.34,0.73
3178295000000,cam,-0.016,-0.301,0.788
3178303000000,icub,0.16,-0.34,0.73
3178345000000,cam,-0.031,-0.296,0.791
3178354000000,icub,0.21,-0.28,0.77
3178395000000,cam,-0.039,-0.29,0.786
3178404000000,icub,0.21,-0.27,0.77
3178445000000,cam,-0.045,-0.291,0.799
3178454000000,icub,0.21,-0.26,0.77
3178495000000,cam,-0.068,-0.266,0.799
3178505000000,icub,0.21,-0.26,0.77
3178545000000,cam,-0.076,-0.245,0.787
3178558000000,icub,0.22,-0.25,0.77
3178595000000,cam,-0.081,-0.241,0.805
3178608000000,icub,0.22,-0.25,0.77
3178645000000,cam,-0.084,-0.227,0.796
3178658000000,icub,0.22,-0.23,0.77
3178695000000,cam,-0.088,-0.217,0.81
3178708000000,icub,0.22,-0.23,0.77
3178745000000,cam,-0.097,-0.191,0.83
3178758000000,icub,0.22,-0.21,0.77
3178795000000,cam,-0.094,-0.167,0.791
3178808000000,icub,0.22,-0.19,0.77
3178845000000,cam,-0.101,-0.156,0.827
3178858000000,icub,0.23,-0.05,0.78
3178895000000,cam,-0.103,-0.116,0.812
3178908000000,icub,0.23,-0.03,0.78
3178945000000,cam,-0.103,-0.116,0.812
3178958000000,icub,0.23,-0.03,0.78
3178995000000,cam,-0.106,-0.074,0.807
3179008000000,icub,0.23,0.0,0.78
3179045000000,cam,-0.108,-0.054,0.819
3179058000000,icub,0.23,0.0,0.78
3179095000000,cam,-0.108,-0.031,0.804
3179108000000,icub,0.23,0.04,0.78
3179145000000,cam,-0.112,0.011,0.825
3179158000000,icub,0.23,0.04,0.78
3179195000000,cam,-0.111,0.032,0.81
3179208000000,icub,0.23,0.06,0.78
3179245000000,cam,-0.111,0.075,0.81
3179258000000,icub,0.23,0.06,0.78
3179297000000,cam,-0.113,0.097,0.833
3179309000000,icub,0.23,0.08,0.78
3179347000000,cam,-0.108,0.113,0.8
3179359000000,icub,0.2,0.23,0.76
3179397000000,cam,-0.108,0.153,0.81
3179409000000,icub,0.2,0.24,0.76
3179447000000,cam,-0.106,0.169,0.807
3179459000000,icub,0.2,0.24,0.76
3179497000000,cam,-0.102,0.199,0.801
3179509000000,icub,0.19,0.24,0.76
3179547000000,cam,-0.101,0.216,0.81
3179559000000,icub,0.19,0.24,0.76
3179597000000,cam,-0.094,0.238,0.804
3179609000000,icub,0.19,0.25,0.75
3179647000000,cam,-0.09,0.261,0.822
3179659000000,icub,0.19,0.25,0.75
3179698000000,cam,-0.078,0.267,0.795
3179709000000,icub,0.18,0.26,0.75
3179748000000,cam,-0.074,0.276,0.797
3179759000000,icub,0.18,0.26,0.75
3179798000000,cam,-0.061,0.285,0.791
3179809000000,icub,0.18,0.26,0.75
3179848000000,cam,-0.054,0.289,0.792
3179859000000,icub,0.13,0.28,0.71
3179898000000,cam,-0.046,0.291,0.784
3179909000000,icub,0.13,0.28,0.71
3179949000000,cam,-0.032,0.302,0.796
3179959000000,icub,0.13,0.28,0.7
3179999000000,cam,-0.024,0.297,0.775
3180009000000,icub,0.13,0.28,0.7
3180049000000,cam,-0.007,0.304,0.786
3180059000000,icub,0.13,0.28,0.7
3180099000000,cam,0.008,0.305,0.782
3180109000000,icub,0.13,0.28,0.69
3180149000000,cam,0.017,0.31,0.8
3180159000000,icub,0.13,0.28,0.69
3180199000000,cam,0.026,0.303,0.784
3180209000000,icub,0.12,0.28,0.68
3180249000000,cam,0.049,0.297,0.783
3180259000000,icub,0.12,0.28,0.68
3180299000000,cam,0.059,0.306,0.81
3180309000000,icub,0.13,0.28,0.67
3180349000000,cam,0.065,0.295,0.795
3180359000000,icub,0.09,0.22,0.64
3180399000000,cam,0.071,0.287,0.784
3180409000000,icub,0.09,0.22,0.64
3180449000000,cam,0.077,0.283,0.783
3180459000000,icub,0.09,0.21,0.64
3180501000000,cam,0.092,0.278,0.802
3180510000000,icub,0.09,0.2,0.64
3180551000000,cam,0.095,0.264,0.783
3180560000000,icub,0.09,0.2,0.64
3180601000000,cam,0.107,0.255,0.8
3180610000000,icub,0.09,0.17,0.64
3180651000000,cam,0.109,0.248,0.804
3180660000000,icub,0.09,0.17,0.64
3180701000000,cam,0.117,0.223,0.796
3180710000000,icub,0.09,0.15,0.63
3180751000000,cam,0.125,0.2,0.814
3180760000000,icub,0.09,0.15,0.63
3180801000000,cam,0.125,0.179,0.794
3180810000000,icub,0.09,0.14,0.63
3180851000000,cam,0.13,0.147,0.798
3180860000000,icub,0.09,-0.03,0.63
3180901000000,cam,0.136,0.132,0.823
3180910000000,icub,0.09,-0.05,0.63
3180951000000,cam,0.135,0.089,0.8
3180960000000,icub,0.09,-0.05,0.63
3181001000000,cam,0.143,0.071,0.832
3181010000000,icub,0.09,-0.07,0.63
3181051000000,cam,0.142,0.049,0.821
3181060000000,icub,0.09,-0.09,0.63
3181101000000,cam,0.144,0.006,0.819
3181110000000,icub,0.09,-0.09,0.63
3181151000000,cam,0.143,-0.015,0.805
3181160000000,icub,0.09,-0.11,0.63
3181201000000,cam,0.143,-0.058,0.809
3181210000000,icub,0.09,-0.11,0.63
3181251000000,cam,0.142,-0.077,0.802
3181260000000,icub,0.08,-0.13,0.63
3181301000000,cam,0.143,-0.098,0.808
3181310000000,icub,0.08,-0.13,0.63
3181351000000,cam,0.14,-0.136,0.805
3181360000000,icub,0.08,-0.27,0.65
3181401000000,cam,0.136,-0.17,0.793
3181410000000,icub,0.09,-0.29,0.65
3181451000000,cam,0.133,-0.185,0.792
3181460000000,icub,0.09,-0.29,0.65
3181501000000,cam,0.137,-0.208,0.826
3181510000000,icub,0.09,-0.29,0.65
